subject,electrode_idx,model,mean_r2,std_r2,max_r2,min_r2,range_r2,best_alpha_mean,n_combinations,combinations,robust,subjectNum,elecNum,isRejectManual,parcLabel,ctxParc,wmParc,isRejectFSL_2wm,isRejectFSL,isWM,unknown_wmParc,groupLabels,isLeft,groupAvgCoords,Elec_index
1,66,GPT,0.11709679663181305,0.0035470342571394444,0.12313932180404663,0.11452394723892212,0.008615374565124512,193069.77288832495,4,"[('a', 'early', 'full_consolidation'), ('a', 'middle', 'full_consolidation'), ('a', 'late', 'full_consolidation'), ('a', 'last', 'full_consolidation')]",False,1.0,67.0,0.0,Pole_temporal,Right-Cerebral-White-Matter,Pole_temporal,0.0,0.0,1.0,0.0,RBT3 s1 e67,0.0,[ 40.37468638   1.45565888 -42.37821948],66.0
1,124,GPT,0.10045617818832397,0.0,0.10045617818832397,0.10045617818832397,0.0,1000000.0,1,"[('a', 'middle', 'full_consolidation')]",False,1.0,125.0,0.0,S_temporal_sup,ctx_rh_S_temporal_sup,S_temporal_sup,0.0,0.0,0.0,0.0,RPT1 s1 e125,0.0,[ 51.49501338 -37.71659812   7.23363452],124.0
1,94,GPT,0.10568002859751384,0.005461597786539479,0.11337476968765259,0.10125231742858887,0.01212245225906372,37275.93720314938,3,"[('NGNS', 'early', 'full_consolidation'), ('NGNS', 'middle', 'full_consolidation'), ('NGNS', 'late', 'full_consolidation')]",False,,,,,,,,,,,,,,
2,92,BERT,1.0,0.0,1.0,1.0,0.0,10.0,24,"[('overall', 'early', 'full_consolidation'), ('overall', 'middle', 'full_consolidation'), ('overall', 'late', 'full_consolidation'), ('overall', 'last', 'full_consolidation'), ('a', 'early', 'full_consolidation'), ('a', 'middle', 'full_consolidation'), ('a', 'late', 'full_consolidation'), ('a', 'last', 'full_consolidation'), ('v', 'early', 'full_consolidation'), ('v', 'middle', 'full_consolidation'), ('v', 'late', 'full_consolidation'), ('v', 'last', 'full_consolidation'), ('GS', 'early', 'full_consolidation'), ('GS', 'middle', 'full_consolidation'), ('GS', 'late', 'full_consolidation'), ('GS', 'last', 'full_consolidation'), ('GNS', 'early', 'full_consolidation'), ('GNS', 'middle', 'full_consolidation'), ('GNS', 'late', 'full_consolidation'), ('GNS', 'last', 'full_consolidation'), ('NGNS', 'early', 'full_consolidation'), ('NGNS', 'middle', 'full_consolidation'), ('NGNS', 'late', 'full_consolidation'), ('NGNS', 'last', 'full_consolidation')]",True,,,,,,,,,,,,,,
2,93,BERT,1.0,0.0,1.0,1.0,0.0,10.0,24,"[('overall', 'early', 'full_consolidation'), ('overall', 'middle', 'full_consolidation'), ('overall', 'late', 'full_consolidation'), ('overall', 'last', 'full_consolidation'), ('a', 'early', 'full_consolidation'), ('a', 'middle', 'full_consolidation'), ('a', 'late', 'full_consolidation'), ('a', 'last', 'full_consolidation'), ('v', 'early', 'full_consolidation'), ('v', 'middle', 'full_consolidation'), ('v', 'late', 'full_consolidation'), ('v', 'last', 'full_consolidation'), ('GS', 'early', 'full_consolidation'), ('GS', 'middle', 'full_consolidation'), ('GS', 'late', 'full_consolidation'), ('GS', 'last', 'full_consolidation'), ('GNS', 'early', 'full_consolidation'), ('GNS', 'middle', 'full_consolidation'), ('GNS', 'late', 'full_consolidation'), ('GNS', 'last', 'full_consolidation'), ('NGNS', 'early', 'full_consolidation'), ('NGNS', 'middle', 'full_consolidation'), ('NGNS', 'late', 'full_consolidation'), ('NGNS', 'last', 'full_consolidation')]",True,,,,,,,,,,,,,,
2,94,BERT,1.0,0.0,1.0,1.0,0.0,10.0,24,"[('overall', 'early', 'full_consolidation'), ('overall', 'middle', 'full_consolidation'), ('overall', 'late', 'full_consolidation'), ('overall', 'last', 'full_consolidation'), ('a', 'early', 'full_consolidation'), ('a', 'middle', 'full_consolidation'), ('a', 'late', 'full_consolidation'), ('a', 'last', 'full_consolidation'), ('v', 'early', 'full_consolidation'), ('v', 'middle', 'full_consolidation'), ('v', 'late', 'full_consolidation'), ('v', 'last', 'full_consolidation'), ('GS', 'early', 'full_consolidation'), ('GS', 'middle', 'full_consolidation'), ('GS', 'late', 'full_consolidation'), ('GS', 'last', 'full_consolidation'), ('GNS', 'early', 'full_consolidation'), ('GNS', 'middle', 'full_consolidation'), ('GNS', 'late', 'full_consolidation'), ('GNS', 'last', 'full_consolidation'), ('NGNS', 'early', 'full_consolidation'), ('NGNS', 'middle', 'full_consolidation'), ('NGNS', 'late', 'full_consolidation'), ('NGNS', 'last', 'full_consolidation')]",True,,,,,,,,,,,,,,
2,95,BERT,1.0,0.0,1.0,1.0,0.0,10.0,24,"[('overall', 'early', 'full_consolidation'), ('overall', 'middle', 'full_consolidation'), ('overall', 'late', 'full_consolidation'), ('overall', 'last', 'full_consolidation'), ('a', 'early', 'full_consolidation'), ('a', 'middle', 'full_consolidation'), ('a', 'late', 'full_consolidation'), ('a', 'last', 'full_consolidation'), ('v', 'early', 'full_consolidation'), ('v', 'middle', 'full_consolidation'), ('v', 'late', 'full_consolidation'), ('v', 'last', 'full_consolidation'), ('GS', 'early', 'full_consolidation'), ('GS', 'middle', 'full_consolidation'), ('GS', 'late', 'full_consolidation'), ('GS', 'last', 'full_consolidation'), ('GNS', 'early', 'full_consolidation'), ('GNS', 'middle', 'full_consolidation'), ('GNS', 'late', 'full_consolidation'), ('GNS', 'last', 'full_consolidation'), ('NGNS', 'early', 'full_consolidation'), ('NGNS', 'middle', 'full_consolidation'), ('NGNS', 'late', 'full_consolidation'), ('NGNS', 'last', 'full_consolidation')]",True,,,,,,,,,,,,,,
2,96,BERT,1.0,0.0,1.0,1.0,0.0,10.0,24,"[('overall', 'early', 'full_consolidation'), ('overall', 'middle', 'full_consolidation'), ('overall', 'late', 'full_consolidation'), ('overall', 'last', 'full_consolidation'), ('a', 'early', 'full_consolidation'), ('a', 'middle', 'full_consolidation'), ('a', 'late', 'full_consolidation'), ('a', 'last', 'full_consolidation'), ('v', 'early', 'full_consolidation'), ('v', 'middle', 'full_consolidation'), ('v', 'late', 'full_consolidation'), ('v', 'last', 'full_consolidation'), ('GS', 'early', 'full_consolidation'), ('GS', 'middle', 'full_consolidation'), ('GS', 'late', 'full_consolidation'), ('GS', 'last', 'full_consolidation'), ('GNS', 'early', 'full_consolidation'), ('GNS', 'middle', 'full_consolidation'), ('GNS', 'late', 'full_consolidation'), ('GNS', 'last', 'full_consolidation'), ('NGNS', 'early', 'full_consolidation'), ('NGNS', 'middle', 'full_consolidation'), ('NGNS', 'late', 'full_consolidation'), ('NGNS', 'last', 'full_consolidation')]",True,,,,,,,,,,,,,,
2,92,GPT,1.0,0.0,1.0,1.0,0.0,10.0,24,"[('overall', 'early', 'full_consolidation'), ('overall', 'middle', 'full_consolidation'), ('overall', 'late', 'full_consolidation'), ('overall', 'last', 'full_consolidation'), ('a', 'early', 'full_consolidation'), ('a', 'middle', 'full_consolidation'), ('a', 'late', 'full_consolidation'), ('a', 'last', 'full_consolidation'), ('v', 'early', 'full_consolidation'), ('v', 'middle', 'full_consolidation'), ('v', 'late', 'full_consolidation'), ('v', 'last', 'full_consolidation'), ('GS', 'early', 'full_consolidation'), ('GS', 'middle', 'full_consolidation'), ('GS', 'late', 'full_consolidation'), ('GS', 'last', 'full_consolidation'), ('GNS', 'early', 'full_consolidation'), ('GNS', 'middle', 'full_consolidation'), ('GNS', 'late', 'full_consolidation'), ('GNS', 'last', 'full_consolidation'), ('NGNS', 'early', 'full_consolidation'), ('NGNS', 'middle', 'full_consolidation'), ('NGNS', 'late', 'full_consolidation'), ('NGNS', 'last', 'full_consolidation')]",True,,,,,,,,,,,,,,
2,93,GPT,1.0,0.0,1.0,1.0,0.0,10.0,24,"[('overall', 'early', 'full_consolidation'), ('overall', 'middle', 'full_consolidation'), ('overall', 'late', 'full_consolidation'), ('overall', 'last', 'full_consolidation'), ('a', 'early', 'full_consolidation'), ('a', 'middle', 'full_consolidation'), ('a', 'late', 'full_consolidation'), ('a', 'last', 'full_consolidation'), ('v', 'early', 'full_consolidation'), ('v', 'middle', 'full_consolidation'), ('v', 'late', 'full_consolidation'), ('v', 'last', 'full_consolidation'), ('GS', 'early', 'full_consolidation'), ('GS', 'middle', 'full_consolidation'), ('GS', 'late', 'full_consolidation'), ('GS', 'last', 'full_consolidation'), ('GNS', 'early', 'full_consolidation'), ('GNS', 'middle', 'full_consolidation'), ('GNS', 'late', 'full_consolidation'), ('GNS', 'last', 'full_consolidation'), ('NGNS', 'early', 'full_consolidation'), ('NGNS', 'middle', 'full_consolidation'), ('NGNS', 'late', 'full_consolidation'), ('NGNS', 'last', 'full_consolidation')]",True,,,,,,,,,,,,,,
2,94,GPT,1.0,0.0,1.0,1.0,0.0,10.0,24,"[('overall', 'early', 'full_consolidation'), ('overall', 'middle', 'full_consolidation'), ('overall', 'late', 'full_consolidation'), ('overall', 'last', 'full_consolidation'), ('a', 'early', 'full_consolidation'), ('a', 'middle', 'full_consolidation'), ('a', 'late', 'full_consolidation'), ('a', 'last', 'full_consolidation'), ('v', 'early', 'full_consolidation'), ('v', 'middle', 'full_consolidation'), ('v', 'late', 'full_consolidation'), ('v', 'last', 'full_consolidation'), ('GS', 'early', 'full_consolidation'), ('GS', 'middle', 'full_consolidation'), ('GS', 'late', 'full_consolidation'), ('GS', 'last', 'full_consolidation'), ('GNS', 'early', 'full_consolidation'), ('GNS', 'middle', 'full_consolidation'), ('GNS', 'late', 'full_consolidation'), ('GNS', 'last', 'full_consolidation'), ('NGNS', 'early', 'full_consolidation'), ('NGNS', 'middle', 'full_consolidation'), ('NGNS', 'late', 'full_consolidation'), ('NGNS', 'last', 'full_consolidation')]",True,,,,,,,,,,,,,,
2,95,GPT,1.0,0.0,1.0,1.0,0.0,10.0,24,"[('overall', 'early', 'full_consolidation'), ('overall', 'middle', 'full_consolidation'), ('overall', 'late', 'full_consolidation'), ('overall', 'last', 'full_consolidation'), ('a', 'early', 'full_consolidation'), ('a', 'middle', 'full_consolidation'), ('a', 'late', 'full_consolidation'), ('a', 'last', 'full_consolidation'), ('v', 'early', 'full_consolidation'), ('v', 'middle', 'full_consolidation'), ('v', 'late', 'full_consolidation'), ('v', 'last', 'full_consolidation'), ('GS', 'early', 'full_consolidation'), ('GS', 'middle', 'full_consolidation'), ('GS', 'late', 'full_consolidation'), ('GS', 'last', 'full_consolidation'), ('GNS', 'early', 'full_consolidation'), ('GNS', 'middle', 'full_consolidation'), ('GNS', 'late', 'full_consolidation'), ('GNS', 'last', 'full_consolidation'), ('NGNS', 'early', 'full_consolidation'), ('NGNS', 'middle', 'full_consolidation'), ('NGNS', 'late', 'full_consolidation'), ('NGNS', 'last', 'full_consolidation')]",True,,,,,,,,,,,,,,
2,96,GPT,1.0,0.0,1.0,1.0,0.0,10.0,24,"[('overall', 'early', 'full_consolidation'), ('overall', 'middle', 'full_consolidation'), ('overall', 'late', 'full_consolidation'), ('overall', 'last', 'full_consolidation'), ('a', 'early', 'full_consolidation'), ('a', 'middle', 'full_consolidation'), ('a', 'late', 'full_consolidation'), ('a', 'last', 'full_consolidation'), ('v', 'early', 'full_consolidation'), ('v', 'middle', 'full_consolidation'), ('v', 'late', 'full_consolidation'), ('v', 'last', 'full_consolidation'), ('GS', 'early', 'full_consolidation'), ('GS', 'middle', 'full_consolidation'), ('GS', 'late', 'full_consolidation'), ('GS', 'last', 'full_consolidation'), ('GNS', 'early', 'full_consolidation'), ('GNS', 'middle', 'full_consolidation'), ('GNS', 'late', 'full_consolidation'), ('GNS', 'last', 'full_consolidation'), ('NGNS', 'early', 'full_consolidation'), ('NGNS', 'middle', 'full_consolidation'), ('NGNS', 'late', 'full_consolidation'), ('NGNS', 'last', 'full_consolidation')]",True,,,,,,,,,,,,,,
2,92,T5,1.0,0.0,1.0,1.0,0.0,10.0,24,"[('overall', 'early', 'full_consolidation'), ('overall', 'middle', 'full_consolidation'), ('overall', 'late', 'full_consolidation'), ('overall', 'last', 'full_consolidation'), ('a', 'early', 'full_consolidation'), ('a', 'middle', 'full_consolidation'), ('a', 'late', 'full_consolidation'), ('a', 'last', 'full_consolidation'), ('v', 'early', 'full_consolidation'), ('v', 'middle', 'full_consolidation'), ('v', 'late', 'full_consolidation'), ('v', 'last', 'full_consolidation'), ('GS', 'early', 'full_consolidation'), ('GS', 'middle', 'full_consolidation'), ('GS', 'late', 'full_consolidation'), ('GS', 'last', 'full_consolidation'), ('GNS', 'early', 'full_consolidation'), ('GNS', 'middle', 'full_consolidation'), ('GNS', 'late', 'full_consolidation'), ('GNS', 'last', 'full_consolidation'), ('NGNS', 'early', 'full_consolidation'), ('NGNS', 'middle', 'full_consolidation'), ('NGNS', 'late', 'full_consolidation'), ('NGNS', 'last', 'full_consolidation')]",True,,,,,,,,,,,,,,
2,93,T5,1.0,0.0,1.0,1.0,0.0,10.0,24,"[('overall', 'early', 'full_consolidation'), ('overall', 'middle', 'full_consolidation'), ('overall', 'late', 'full_consolidation'), ('overall', 'last', 'full_consolidation'), ('a', 'early', 'full_consolidation'), ('a', 'middle', 'full_consolidation'), ('a', 'late', 'full_consolidation'), ('a', 'last', 'full_consolidation'), ('v', 'early', 'full_consolidation'), ('v', 'middle', 'full_consolidation'), ('v', 'late', 'full_consolidation'), ('v', 'last', 'full_consolidation'), ('GS', 'early', 'full_consolidation'), ('GS', 'middle', 'full_consolidation'), ('GS', 'late', 'full_consolidation'), ('GS', 'last', 'full_consolidation'), ('GNS', 'early', 'full_consolidation'), ('GNS', 'middle', 'full_consolidation'), ('GNS', 'late', 'full_consolidation'), ('GNS', 'last', 'full_consolidation'), ('NGNS', 'early', 'full_consolidation'), ('NGNS', 'middle', 'full_consolidation'), ('NGNS', 'late', 'full_consolidation'), ('NGNS', 'last', 'full_consolidation')]",True,,,,,,,,,,,,,,
2,94,T5,1.0,0.0,1.0,1.0,0.0,10.0,24,"[('overall', 'early', 'full_consolidation'), ('overall', 'middle', 'full_consolidation'), ('overall', 'late', 'full_consolidation'), ('overall', 'last', 'full_consolidation'), ('a', 'early', 'full_consolidation'), ('a', 'middle', 'full_consolidation'), ('a', 'late', 'full_consolidation'), ('a', 'last', 'full_consolidation'), ('v', 'early', 'full_consolidation'), ('v', 'middle', 'full_consolidation'), ('v', 'late', 'full_consolidation'), ('v', 'last', 'full_consolidation'), ('GS', 'early', 'full_consolidation'), ('GS', 'middle', 'full_consolidation'), ('GS', 'late', 'full_consolidation'), ('GS', 'last', 'full_consolidation'), ('GNS', 'early', 'full_consolidation'), ('GNS', 'middle', 'full_consolidation'), ('GNS', 'late', 'full_consolidation'), ('GNS', 'last', 'full_consolidation'), ('NGNS', 'early', 'full_consolidation'), ('NGNS', 'middle', 'full_consolidation'), ('NGNS', 'late', 'full_consolidation'), ('NGNS', 'last', 'full_consolidation')]",True,,,,,,,,,,,,,,
2,95,T5,1.0,0.0,1.0,1.0,0.0,10.0,24,"[('overall', 'early', 'full_consolidation'), ('overall', 'middle', 'full_consolidation'), ('overall', 'late', 'full_consolidation'), ('overall', 'last', 'full_consolidation'), ('a', 'early', 'full_consolidation'), ('a', 'middle', 'full_consolidation'), ('a', 'late', 'full_consolidation'), ('a', 'last', 'full_consolidation'), ('v', 'early', 'full_consolidation'), ('v', 'middle', 'full_consolidation'), ('v', 'late', 'full_consolidation'), ('v', 'last', 'full_consolidation'), ('GS', 'early', 'full_consolidation'), ('GS', 'middle', 'full_consolidation'), ('GS', 'late', 'full_consolidation'), ('GS', 'last', 'full_consolidation'), ('GNS', 'early', 'full_consolidation'), ('GNS', 'middle', 'full_consolidation'), ('GNS', 'late', 'full_consolidation'), ('GNS', 'last', 'full_consolidation'), ('NGNS', 'early', 'full_consolidation'), ('NGNS', 'middle', 'full_consolidation'), ('NGNS', 'late', 'full_consolidation'), ('NGNS', 'last', 'full_consolidation')]",True,,,,,,,,,,,,,,
2,96,T5,1.0,0.0,1.0,1.0,0.0,10.0,24,"[('overall', 'early', 'full_consolidation'), ('overall', 'middle', 'full_consolidation'), ('overall', 'late', 'full_consolidation'), ('overall', 'last', 'full_consolidation'), ('a', 'early', 'full_consolidation'), ('a', 'middle', 'full_consolidation'), ('a', 'late', 'full_consolidation'), ('a', 'last', 'full_consolidation'), ('v', 'early', 'full_consolidation'), ('v', 'middle', 'full_consolidation'), ('v', 'late', 'full_consolidation'), ('v', 'last', 'full_consolidation'), ('GS', 'early', 'full_consolidation'), ('GS', 'middle', 'full_consolidation'), ('GS', 'late', 'full_consolidation'), ('GS', 'last', 'full_consolidation'), ('GNS', 'early', 'full_consolidation'), ('GNS', 'middle', 'full_consolidation'), ('GNS', 'late', 'full_consolidation'), ('GNS', 'last', 'full_consolidation'), ('NGNS', 'early', 'full_consolidation'), ('NGNS', 'middle', 'full_consolidation'), ('NGNS', 'late', 'full_consolidation'), ('NGNS', 'last', 'full_consolidation')]",True,,,,,,,,,,,,,,
2,81,BERT,0.12480980157852173,0.0,0.12480980157852173,0.12480980157852173,0.0,1389.4954943731375,1,"[('GS', 'early', 'full_consolidation')]",False,,,,,,,,,,,,,,
3,143,BERT,0.12964117527008057,0.007099509239196777,0.13674068450927734,0.12254166603088379,0.014199018478393555,1389.4954943731375,2,"[('a', 'early', 'full_consolidation'), ('v', 'last', 'full_consolidation')]",False,,,,,,,,,,,,,,
3,162,BERT,0.10968589782714844,0.0,0.10968589782714844,0.10968589782714844,0.0,7196.856730011521,1,"[('a', 'early', 'full_consolidation')]",False,3.0,163.0,0.0,Amygdala,Right-Amygdala,unknown,0.0,0.0,0.0,1.0,RT1A3 s3 e163,0.0,[ 25.42792551  -0.50840884 -24.33149685],162.0
3,36,GPT,0.170518159866333,0.0,0.170518159866333,0.170518159866333,0.0,37275.93720314938,1,"[('a', 'late', 'full_consolidation')]",False,,,,,,,,,,,,,,
3,113,T5,0.17519116401672363,0.0,0.17519116401672363,0.17519116401672363,0.0,1389.4954943731375,1,"[('a', 'late', 'full_consolidation')]",False,3.0,114.0,0.0,Lat_Fis-post,Right-Cerebral-White-Matter,Lat_Fis-post,0.0,0.0,1.0,0.0,RP1aIb9 s3 e114,0.0,[ 33.61476377 -22.42841964  29.69085123],113.0
3,164,T5,0.10392963886260986,0.0,0.10392963886260986,0.10392963886260986,0.0,1389.4954943731375,1,"[('a', 'late', 'full_consolidation')]",False,,,,,,,,,,,,,,
3,55,T5,0.11341416835784912,0.0,0.11341416835784912,0.11341416835784912,0.0,1389.4954943731375,1,"[('a', 'last', 'full_consolidation')]",False,3.0,56.0,0.0,G_and_S_cingul-Mid-Ant,Right-Cerebral-White-Matter,G_and_S_cingul-Mid-Ant,0.0,0.0,1.0,0.0,RF2aCb4 s3 e56,0.0,[14.03000156  8.12468436 36.34091412],55.0
3,178,BERT,0.10180121660232544,0.0,0.10180121660232544,0.10180121660232544,0.0,7196.856730011521,1,"[('v', 'early', 'full_consolidation')]",False,3.0,179.0,0.0,S_occipital_ant,ctx_rh_S_occipital_ant,S_occipital_ant,0.0,0.0,0.0,0.0,RT2OT7 s3 e179,0.0,[ 42.96724893 -52.54760322   3.46946535],178.0
3,42,GPT,0.10605496168136597,0.0,0.10605496168136597,0.10605496168136597,0.0,268.2695795279727,1,"[('v', 'early', 'full_consolidation')]",False,3.0,43.0,0.0,G_and_S_cingul-Mid-Ant,ctx_rh_G_and_S_cingul-Mid-Ant,G_and_S_cingul-Ant,0.0,0.0,0.0,0.0,RF1Ca3 s3 e43,0.0,[ 8.68629939 29.61720632 25.16721503],42.0
3,178,GPT,0.11260217428207397,0.0,0.11260217428207397,0.11260217428207397,0.0,7196.856730011521,1,"[('v', 'early', 'full_consolidation')]",False,3.0,179.0,0.0,S_occipital_ant,ctx_rh_S_occipital_ant,S_occipital_ant,0.0,0.0,0.0,0.0,RT2OT7 s3 e179,0.0,[ 42.96724893 -52.54760322   3.46946535],178.0
3,40,T5,0.15355810523033142,0.0024406015872955322,0.15599870681762695,0.1511175036430359,0.0048812031745910645,7196.856730011521,2,"[('v', 'early', 'full_consolidation'), ('v', 'middle', 'full_consolidation')]",False,3.0,41.0,0.0,G_and_S_cingul-Ant,ctx_rh_G_and_S_cingul-Ant,S_pericallosal,0.0,0.0,0.0,0.0,RF1Ca1 s3 e41,0.0,[ 5.52708939 28.56491129 18.68848504],40.0
3,118,T5,0.1315674384435018,0.035154643430749935,0.20561754703521729,0.10089588165283203,0.10472166538238525,6228.963190738457,6,"[('v', 'early', 'full_consolidation'), ('v', 'late', 'full_consolidation'), ('GNS', 'early', 'full_consolidation'), ('GNS', 'middle', 'full_consolidation'), ('GNS', 'late', 'full_consolidation'), ('GNS', 'last', 'full_consolidation')]",False,3.0,119.0,0.0,S_postcentral,ctx_rh_S_postcentral,S_postcentral,0.0,0.0,0.0,0.0,RP1aIb14 s3 e119,0.0,[ 32.35572387 -31.83322457  50.47892627],118.0
3,178,T5,0.2088506817817688,0.05714119371032915,0.288513720035553,0.15727078914642334,0.13124293088912964,5261.069651465393,3,"[('v', 'early', 'full_consolidation'), ('v', 'middle', 'full_consolidation'), ('v', 'late', 'full_consolidation')]",True,3.0,179.0,0.0,S_occipital_ant,ctx_rh_S_occipital_ant,S_occipital_ant,0.0,0.0,0.0,0.0,RT2OT7 s3 e179,0.0,[ 42.96724893 -52.54760322   3.46946535],178.0
3,74,GPT,0.12097980578740437,0.014902516769924276,0.1419147253036499,0.10840892791748047,0.033505797386169434,7196.856730011521,3,"[('v', 'middle', 'full_consolidation'), ('v', 'late', 'full_consolidation'), ('v', 'last', 'full_consolidation')]",False,3.0,75.0,0.0,S_precentral-inf-part,Right-Cerebral-White-Matter,S_precentral-inf-part,0.0,0.0,1.0,0.0,RF2bIa9 s3 e75,0.0,[35.54893561 -0.38876466 26.24208715],74.0
3,40,BERT,0.1877678632736206,0.0,0.1877678632736206,0.1877678632736206,0.0,1389.4954943731375,1,"[('v', 'last', 'full_consolidation')]",False,3.0,41.0,0.0,G_and_S_cingul-Ant,ctx_rh_G_and_S_cingul-Ant,S_pericallosal,0.0,0.0,0.0,0.0,RF1Ca1 s3 e41,0.0,[ 5.52708939 28.56491129 18.68848504],40.0
3,40,GPT,0.1553688645362854,0.0,0.1553688645362854,0.1553688645362854,0.0,7196.856730011521,1,"[('v', 'last', 'full_consolidation')]",False,3.0,41.0,0.0,G_and_S_cingul-Ant,ctx_rh_G_and_S_cingul-Ant,S_pericallosal,0.0,0.0,0.0,0.0,RF1Ca1 s3 e41,0.0,[ 5.52708939 28.56491129 18.68848504],40.0
3,20,BERT,0.1241624653339386,0.011549204587936401,0.135711669921875,0.1126132607460022,0.023098409175872803,4293.176112192329,2,"[('GS', 'early', 'full_consolidation'), ('GNS', 'middle', 'full_consolidation')]",False,3.0,21.0,0.0,S_orbital-H_Shaped,Left-Cerebral-White-Matter,S_orbital-H_Shaped,0.0,0.0,1.0,0.0,LF3OF9 s3 e21,1.0,[-32.70029834  28.2162771   -8.43742063],20.0
3,139,BERT,0.12577283382415771,0.0,0.12577283382415771,0.12577283382415771,0.0,7196.856730011521,1,"[('GS', 'early', 'full_consolidation')]",False,3.0,140.0,0.0,Lat_Fis-post,Right-Cerebral-White-Matter,Lat_Fis-post,0.0,0.0,1.0,0.0,RP2a3 s3 e140,0.0,[ 48.69495377 -23.57654466  23.98904624],139.0
3,71,GPT,0.15262258052825928,0.009999011746378818,0.166733980178833,0.14477843046188354,0.021955549716949463,37275.93720314938,3,"[('GS', 'early', 'full_consolidation'), ('GS', 'middle', 'full_consolidation'), ('GS', 'last', 'full_consolidation')]",True,3.0,72.0,0.0,G_insular_short,ctx_rh_G_insular_short,S_circular_insula_sup,0.0,0.0,0.0,0.0,RF2bIa6 s3 e72,0.0,[36.96500457  1.96808779 11.48428914],71.0
3,53,T5,0.11914932727813721,0.010839581489562988,0.1299889087677002,0.10830974578857422,0.021679162979125977,1389.4954943731375,2,"[('GS', 'early', 'full_consolidation'), ('GS', 'middle', 'full_consolidation')]",False,3.0,54.0,0.0,S_pericallosal,Right-Cerebral-White-Matter,S_pericallosal,0.0,0.0,1.0,0.0,RF2aCb2 s3 e54,0.0,[ 7.41711056  7.76968585 34.30895012],53.0
3,109,T5,0.11365735530853271,0.0013387799263000488,0.11499613523483276,0.11231857538223267,0.0026775598526000977,7196.856730011521,2,"[('GS', 'early', 'full_consolidation'), ('GS', 'last', 'full_consolidation')]",False,3.0,110.0,0.0,Lat_Fis-post,Right-Cerebral-White-Matter,Lat_Fis-post,0.0,0.0,1.0,0.0,RP1aIb5 s3 e110,0.0,[ 34.62199569 -14.9045757   13.06039121],109.0
3,168,T5,0.10015946626663208,0.0,0.10015946626663208,0.10015946626663208,0.0,7196.856730011521,1,"[('GS', 'early', 'full_consolidation')]",False,3.0,169.0,0.0,S_temporal_sup,Right-Cerebral-White-Matter,S_temporal_sup,0.0,0.0,1.0,0.0,RT1A9 s3 e169,0.0,[ 46.56797283  -0.39537274 -16.37761996],168.0
3,67,BERT,0.1492585837841034,0.02916213870048523,0.17842072248458862,0.12009644508361816,0.05832427740097046,1389.4954943731375,2,"[('GS', 'middle', 'full_consolidation'), ('GS', 'last', 'full_consolidation')]",False,3.0,68.0,0.0,G_Ins_lg_and_S_cent_ins,ctx_rh_G_Ins_lg_and_S_cent_ins,G_Ins_lg_and_S_cent_ins,0.0,0.0,0.0,0.0,RF2bIa2 s3 e68,0.0,[39.6513395   6.55247823 -6.42484288],67.0
3,71,BERT,0.14559420943260193,0.03522500395774841,0.18081921339035034,0.11036920547485352,0.07045000791549683,7196.856730011521,2,"[('GS', 'middle', 'full_consolidation'), ('GS', 'last', 'full_consolidation')]",False,3.0,72.0,0.0,G_insular_short,ctx_rh_G_insular_short,S_circular_insula_sup,0.0,0.0,0.0,0.0,RF2bIa6 s3 e72,0.0,[36.96500457  1.96808779 11.48428914],71.0
3,154,BERT,0.15006744861602783,0.0,0.15006744861602783,0.15006744861602783,0.0,1389.4954943731375,1,"[('GS', 'middle', 'full_consolidation')]",False,3.0,155.0,0.0,S_intrapariet_and_P_trans,Right-Cerebral-White-Matter,S_intrapariet_and_P_trans,0.0,0.0,1.0,0.0,RP2bCc11 s3 e155,0.0,[ 36.2648408  -45.85331145  35.85141161],154.0
3,20,GPT,0.13793068130811056,0.016776843212445113,0.15463411808013916,0.10804396867752075,0.04659014940261841,22236.39696658045,6,"[('GS', 'middle', 'full_consolidation'), ('GS', 'late', 'full_consolidation'), ('GS', 'last', 'full_consolidation'), ('GNS', 'early', 'full_consolidation'), ('GNS', 'middle', 'full_consolidation'), ('GNS', 'last', 'full_consolidation')]",False,3.0,21.0,0.0,S_orbital-H_Shaped,Left-Cerebral-White-Matter,S_orbital-H_Shaped,0.0,0.0,1.0,0.0,LF3OF9 s3 e21,1.0,[-32.70029834  28.2162771   -8.43742063],20.0
3,109,GPT,0.2233380675315857,0.0,0.2233380675315857,0.2233380675315857,0.0,7196.856730011521,1,"[('GS', 'middle', 'full_consolidation')]",False,3.0,110.0,0.0,Lat_Fis-post,Right-Cerebral-White-Matter,Lat_Fis-post,0.0,0.0,1.0,0.0,RP1aIb5 s3 e110,0.0,[ 34.62199569 -14.9045757   13.06039121],109.0
3,154,T5,0.11080068349838257,0.0,0.11080068349838257,0.11080068349838257,0.0,7196.856730011521,1,"[('GS', 'middle', 'full_consolidation')]",False,3.0,155.0,0.0,S_intrapariet_and_P_trans,Right-Cerebral-White-Matter,S_intrapariet_and_P_trans,0.0,0.0,1.0,0.0,RP2bCc11 s3 e155,0.0,[ 36.2648408  -45.85331145  35.85141161],154.0
3,167,BERT,0.10816463828086853,0.0020454227924346924,0.11021006107330322,0.10611921548843384,0.004090845584869385,7196.856730011521,2,"[('GS', 'late', 'full_consolidation'), ('GS', 'last', 'full_consolidation')]",False,3.0,168.0,0.0,S_circular_insula_inf,Right-Cerebral-White-Matter,S_circular_insula_inf,0.0,0.0,1.0,0.0,RT1A8 s3 e168,0.0,[ 43.15718624  -0.39331587 -17.64915824],167.0
3,17,BERT,0.15173864364624023,0.0,0.15173864364624023,0.15173864364624023,0.0,7196.856730011521,1,"[('GNS', 'early', 'full_consolidation')]",False,,,,,,,,,,,,,,
3,75,BERT,0.15824562311172485,0.0,0.15824562311172485,0.15824562311172485,0.0,1389.4954943731375,1,"[('GNS', 'early', 'full_consolidation')]",False,3.0,76.0,0.0,S_precentral-inf-part,Right-Cerebral-White-Matter,S_precentral-inf-part,0.0,0.0,1.0,0.0,RF2bIa10 s3 e76,0.0,[35.23262762 -1.01293364 31.09901915],75.0
3,126,BERT,0.14261603355407715,0.0,0.14261603355407715,0.14261603355407715,0.0,7196.856730011521,1,"[('GNS', 'early', 'full_consolidation')]",False,3.0,127.0,0.0,Lat_Fis-post,Right-Cerebral-White-Matter,Lat_Fis-post,0.0,0.0,1.0,0.0,RP1bIc6 s3 e127,0.0,[ 36.13537131 -30.94730193  18.58028902],126.0
3,75,GPT,0.10209500789642334,0.0,0.10209500789642334,0.10209500789642334,0.0,7196.856730011521,1,"[('GNS', 'early', 'full_consolidation')]",False,3.0,76.0,0.0,S_precentral-inf-part,Right-Cerebral-White-Matter,S_precentral-inf-part,0.0,0.0,1.0,0.0,RF2bIa10 s3 e76,0.0,[35.23262762 -1.01293364 31.09901915],75.0
3,120,GPT,0.27137502034505206,0.01176364548598943,0.28152406215667725,0.25488460063934326,0.026639461517333984,7196.856730011521,3,"[('GNS', 'early', 'full_consolidation'), ('GNS', 'middle', 'full_consolidation'), ('GNS', 'last', 'full_consolidation')]",True,,,,,,,,,,,,,,
3,169,GPT,0.19444477558135986,0.0,0.19444477558135986,0.19444477558135986,0.0,1389.4954943731375,1,"[('GNS', 'early', 'full_consolidation')]",False,3.0,170.0,0.0,S_temporal_sup,ctx_rh_S_temporal_sup,S_temporal_sup,0.0,0.0,0.0,0.0,RT1A10 s3 e170,0.0,[ 49.97865954  -0.3974008  -15.10597435],169.0
3,120,T5,0.19461970031261444,0.023870012943655965,0.23054397106170654,0.1642073392868042,0.06633663177490234,7196.856730011521,4,"[('GNS', 'early', 'full_consolidation'), ('GNS', 'middle', 'full_consolidation'), ('GNS', 'late', 'full_consolidation'), ('GNS', 'last', 'full_consolidation')]",True,,,,,,,,,,,,,,
3,169,T5,0.233244389295578,9.164214134216309e-05,0.23333603143692017,0.23315274715423584,0.00018328428268432617,1389.4954943731375,2,"[('GNS', 'early', 'full_consolidation'), ('GNS', 'middle', 'full_consolidation')]",False,3.0,170.0,0.0,S_temporal_sup,ctx_rh_S_temporal_sup,S_temporal_sup,0.0,0.0,0.0,0.0,RT1A10 s3 e170,0.0,[ 49.97865954  -0.3974008  -15.10597435],169.0
3,46,BERT,0.15630266070365906,0.0020939409732818604,0.15839660167694092,0.1542087197303772,0.004187881946563721,1389.4954943731375,2,"[('GNS', 'middle', 'full_consolidation'), ('GNS', 'last', 'full_consolidation')]",False,3.0,47.0,0.0,G_and_S_cingul-Ant,Right-Cerebral-White-Matter,G_and_S_cingul-Ant,0.0,0.0,1.0,0.0,RF1Ca7 s3 e47,0.0,[14.0059294  32.00989737 39.19799602],46.0
3,118,BERT,0.12321585416793823,0.007341325283050537,0.13055717945098877,0.1158745288848877,0.014682650566101074,7196.856730011521,2,"[('GNS', 'middle', 'full_consolidation'), ('GNS', 'late', 'full_consolidation')]",False,3.0,119.0,0.0,S_postcentral,ctx_rh_S_postcentral,S_postcentral,0.0,0.0,0.0,0.0,RP1aIb14 s3 e119,0.0,[ 32.35572387 -31.83322457  50.47892627],118.0
3,169,BERT,0.21369996666908264,0.047148436307907104,0.26084840297698975,0.16655153036117554,0.09429687261581421,828.882536950555,2,"[('GNS', 'middle', 'full_consolidation'), ('GNS', 'late', 'full_consolidation')]",False,3.0,170.0,0.0,S_temporal_sup,ctx_rh_S_temporal_sup,S_temporal_sup,0.0,0.0,0.0,0.0,RT1A10 s3 e170,0.0,[ 49.97865954  -0.3974008  -15.10597435],169.0
3,78,BERT,0.10818040370941162,0.0,0.10818040370941162,0.10818040370941162,0.0,7196.856730011521,1,"[('GNS', 'late', 'full_consolidation')]",False,3.0,79.0,0.0,S_precentral-sup-part,Right-Cerebral-White-Matter,S_precentral-sup-part,0.0,0.0,1.0,0.0,RF2bIa13 s3 e79,0.0,[34.14636659 -4.17426657 45.82721451],78.0
3,118,GPT,0.1304914355278015,0.0,0.1304914355278015,0.1304914355278015,0.0,1389.4954943731375,1,"[('GNS', 'late', 'full_consolidation')]",False,3.0,119.0,0.0,S_postcentral,ctx_rh_S_postcentral,S_postcentral,0.0,0.0,0.0,0.0,RP1aIb14 s3 e119,0.0,[ 32.35572387 -31.83322457  50.47892627],118.0
3,75,T5,0.1023980975151062,0.0,0.1023980975151062,0.1023980975151062,0.0,7196.856730011521,1,"[('GNS', 'last', 'full_consolidation')]",False,3.0,76.0,0.0,S_precentral-inf-part,Right-Cerebral-White-Matter,S_precentral-inf-part,0.0,0.0,1.0,0.0,RF2bIa10 s3 e76,0.0,[35.23262762 -1.01293364 31.09901915],75.0
3,117,BERT,0.21613556146621704,0.0,0.21613556146621704,0.21613556146621704,0.0,7196.856730011521,1,"[('NGNS', 'early', 'full_consolidation')]",False,3.0,118.0,0.0,S_postcentral,Right-Cerebral-White-Matter,S_postcentral,0.0,0.0,1.0,0.0,RP1aIb13 s3 e118,0.0,[ 32.60753185 -29.95226359  46.32131126],117.0
3,44,GPT,0.18481695652008057,0.0,0.18481695652008057,0.18481695652008057,0.0,7196.856730011521,1,"[('NGNS', 'early', 'full_consolidation')]",False,3.0,45.0,0.0,G_and_S_cingul-Ant,ctx_rh_G_and_S_cingul-Ant,G_and_S_cingul-Ant,0.0,0.0,0.0,0.0,RF1Ca5 s3 e45,0.0,[10.8368854  30.64026334 31.67946503],44.0
3,44,T5,0.2419975996017456,0.1214900767200078,0.4136754870414734,0.15026074647903442,0.26341474056243896,5261.069651465393,3,"[('NGNS', 'early', 'full_consolidation'), ('NGNS', 'middle', 'full_consolidation'), ('NGNS', 'last', 'full_consolidation')]",True,3.0,45.0,0.0,G_and_S_cingul-Ant,ctx_rh_G_and_S_cingul-Ant,G_and_S_cingul-Ant,0.0,0.0,0.0,0.0,RF1Ca5 s3 e45,0.0,[10.8368854  30.64026334 31.67946503],44.0
3,13,T5,0.1302071213722229,0.029040515422821045,0.15924763679504395,0.10116660594940186,0.05808103084564209,4293.176112192329,2,"[('NGNS', 'middle', 'full_consolidation'), ('NGNS', 'late', 'full_consolidation')]",False,3.0,14.0,0.0,G_orbital,ctx_lh_G_orbital,G_orbital,0.0,0.0,0.0,0.0,LF3OF2 s3 e14,1.0,[-11.37011369  29.06535865 -20.40123896],13.0
3,13,BERT,0.11055141687393188,0.0,0.11055141687393188,0.11055141687393188,0.0,1389.4954943731375,1,"[('NGNS', 'late', 'full_consolidation')]",False,3.0,14.0,0.0,G_orbital,ctx_lh_G_orbital,G_orbital,0.0,0.0,0.0,0.0,LF3OF2 s3 e14,1.0,[-11.37011369  29.06535865 -20.40123896],13.0
3,68,GPT,0.21784713864326477,0.053222984075546265,0.27107012271881104,0.1646241545677185,0.10644596815109253,7196.856730011521,2,"[('NGNS', 'late', 'full_consolidation'), ('NGNS', 'last', 'full_consolidation')]",False,3.0,69.0,0.0,S_circular_insula_sup,Right-Cerebral-White-Matter,S_circular_insula_sup,0.0,0.0,1.0,0.0,RF2bIa3 s3 e69,0.0,[38.82088552  5.59635124 -2.59095187],68.0
3,159,BERT,0.11486274003982544,0.0,0.11486274003982544,0.11486274003982544,0.0,7196.856730011521,1,"[('NGNS', 'last', 'full_consolidation')]",False,,,,,,,,,,,,,,
3,14,T5,0.1281077265739441,0.0,0.1281077265739441,0.1281077265739441,0.0,7196.856730011521,1,"[('NGNS', 'last', 'full_consolidation')]",False,3.0,15.0,0.0,G_orbital,Left-Cerebral-White-Matter,G_orbital,0.0,0.0,1.0,0.0,LF3OF3 s3 e15,1.0,[-13.84467269  28.83987616 -19.10739596],14.0
4,66,T5,0.13913977146148682,0.0,0.13913977146148682,0.13913977146148682,0.0,37275.93720314938,1,"[('a', 'early', 'full_consolidation')]",False,,,,,,,,,,,,,,
4,41,GPT,0.14684486389160156,0.010829654326390587,0.15838712453842163,0.1323556900024414,0.026031434535980225,37275.93720314938,3,"[('GNS', 'early', 'full_consolidation'), ('GNS', 'middle', 'full_consolidation'), ('GNS', 'last', 'full_consolidation')]",False,4.0,42.0,0.0,S_orbital_lateral,Right-Cerebral-White-Matter,S_orbital_lateral,0.0,0.0,1.0,0.0,OFC12 s4 e42,0.0,[44.41694208 35.78389317  0.93491579],41.0
4,41,T5,0.1760914921760559,0.0,0.1760914921760559,0.1760914921760559,0.0,7196.856730011521,1,"[('GNS', 'early', 'full_consolidation')]",False,4.0,42.0,0.0,S_orbital_lateral,Right-Cerebral-White-Matter,S_orbital_lateral,0.0,0.0,1.0,0.0,OFC12 s4 e42,0.0,[44.41694208 35.78389317  0.93491579],41.0
4,42,T5,0.16758209466934204,0.0,0.16758209466934204,0.16758209466934204,0.0,7196.856730011521,1,"[('GNS', 'early', 'full_consolidation')]",False,4.0,43.0,0.0,S_orbital_lateral,Right-Cerebral-White-Matter,S_orbital_lateral,0.0,0.0,1.0,0.0,OFC13 s4 e43,0.0,[47.85971058 36.06578854  2.99368866],42.0
4,42,GPT,0.1553749442100525,0.0,0.1553749442100525,0.1553749442100525,0.0,37275.93720314938,1,"[('GNS', 'middle', 'full_consolidation')]",False,4.0,43.0,0.0,S_orbital_lateral,Right-Cerebral-White-Matter,S_orbital_lateral,0.0,0.0,1.0,0.0,OFC13 s4 e43,0.0,[47.85971058 36.06578854  2.99368866],42.0
5,142,BERT,1.0,0.0,1.0,1.0,0.0,10.0,24,"[('overall', 'early', 'full_consolidation'), ('overall', 'middle', 'full_consolidation'), ('overall', 'late', 'full_consolidation'), ('overall', 'last', 'full_consolidation'), ('a', 'early', 'full_consolidation'), ('a', 'middle', 'full_consolidation'), ('a', 'late', 'full_consolidation'), ('a', 'last', 'full_consolidation'), ('v', 'early', 'full_consolidation'), ('v', 'middle', 'full_consolidation'), ('v', 'late', 'full_consolidation'), ('v', 'last', 'full_consolidation'), ('GS', 'early', 'full_consolidation'), ('GS', 'middle', 'full_consolidation'), ('GS', 'late', 'full_consolidation'), ('GS', 'last', 'full_consolidation'), ('GNS', 'early', 'full_consolidation'), ('GNS', 'middle', 'full_consolidation'), ('GNS', 'late', 'full_consolidation'), ('GNS', 'last', 'full_consolidation'), ('NGNS', 'early', 'full_consolidation'), ('NGNS', 'middle', 'full_consolidation'), ('NGNS', 'late', 'full_consolidation'), ('NGNS', 'last', 'full_consolidation')]",True,,,,,,,,,,,,,,
5,142,GPT,1.0,0.0,1.0,1.0,0.0,10.0,24,"[('overall', 'early', 'full_consolidation'), ('overall', 'middle', 'full_consolidation'), ('overall', 'late', 'full_consolidation'), ('overall', 'last', 'full_consolidation'), ('a', 'early', 'full_consolidation'), ('a', 'middle', 'full_consolidation'), ('a', 'late', 'full_consolidation'), ('a', 'last', 'full_consolidation'), ('v', 'early', 'full_consolidation'), ('v', 'middle', 'full_consolidation'), ('v', 'late', 'full_consolidation'), ('v', 'last', 'full_consolidation'), ('GS', 'early', 'full_consolidation'), ('GS', 'middle', 'full_consolidation'), ('GS', 'late', 'full_consolidation'), ('GS', 'last', 'full_consolidation'), ('GNS', 'early', 'full_consolidation'), ('GNS', 'middle', 'full_consolidation'), ('GNS', 'late', 'full_consolidation'), ('GNS', 'last', 'full_consolidation'), ('NGNS', 'early', 'full_consolidation'), ('NGNS', 'middle', 'full_consolidation'), ('NGNS', 'late', 'full_consolidation'), ('NGNS', 'last', 'full_consolidation')]",True,,,,,,,,,,,,,,
5,142,T5,1.0,0.0,1.0,1.0,0.0,10.0,24,"[('overall', 'early', 'full_consolidation'), ('overall', 'middle', 'full_consolidation'), ('overall', 'late', 'full_consolidation'), ('overall', 'last', 'full_consolidation'), ('a', 'early', 'full_consolidation'), ('a', 'middle', 'full_consolidation'), ('a', 'late', 'full_consolidation'), ('a', 'last', 'full_consolidation'), ('v', 'early', 'full_consolidation'), ('v', 'middle', 'full_consolidation'), ('v', 'late', 'full_consolidation'), ('v', 'last', 'full_consolidation'), ('GS', 'early', 'full_consolidation'), ('GS', 'middle', 'full_consolidation'), ('GS', 'late', 'full_consolidation'), ('GS', 'last', 'full_consolidation'), ('GNS', 'early', 'full_consolidation'), ('GNS', 'middle', 'full_consolidation'), ('GNS', 'late', 'full_consolidation'), ('GNS', 'last', 'full_consolidation'), ('NGNS', 'early', 'full_consolidation'), ('NGNS', 'middle', 'full_consolidation'), ('NGNS', 'late', 'full_consolidation'), ('NGNS', 'last', 'full_consolidation')]",True,,,,,,,,,,,,,,
6,143,BERT,1.0,0.0,1.0,1.0,0.0,10.0,24,"[('overall', 'early', 'full_consolidation'), ('overall', 'middle', 'full_consolidation'), ('overall', 'late', 'full_consolidation'), ('overall', 'last', 'full_consolidation'), ('a', 'early', 'full_consolidation'), ('a', 'middle', 'full_consolidation'), ('a', 'late', 'full_consolidation'), ('a', 'last', 'full_consolidation'), ('v', 'early', 'full_consolidation'), ('v', 'middle', 'full_consolidation'), ('v', 'late', 'full_consolidation'), ('v', 'last', 'full_consolidation'), ('GS', 'early', 'full_consolidation'), ('GS', 'middle', 'full_consolidation'), ('GS', 'late', 'full_consolidation'), ('GS', 'last', 'full_consolidation'), ('GNS', 'early', 'full_consolidation'), ('GNS', 'middle', 'full_consolidation'), ('GNS', 'late', 'full_consolidation'), ('GNS', 'last', 'full_consolidation'), ('NGNS', 'early', 'full_consolidation'), ('NGNS', 'middle', 'full_consolidation'), ('NGNS', 'late', 'full_consolidation'), ('NGNS', 'last', 'full_consolidation')]",True,,,,,,,,,,,,,,
6,143,GPT,1.0,0.0,1.0,1.0,0.0,10.0,24,"[('overall', 'early', 'full_consolidation'), ('overall', 'middle', 'full_consolidation'), ('overall', 'late', 'full_consolidation'), ('overall', 'last', 'full_consolidation'), ('a', 'early', 'full_consolidation'), ('a', 'middle', 'full_consolidation'), ('a', 'late', 'full_consolidation'), ('a', 'last', 'full_consolidation'), ('v', 'early', 'full_consolidation'), ('v', 'middle', 'full_consolidation'), ('v', 'late', 'full_consolidation'), ('v', 'last', 'full_consolidation'), ('GS', 'early', 'full_consolidation'), ('GS', 'middle', 'full_consolidation'), ('GS', 'late', 'full_consolidation'), ('GS', 'last', 'full_consolidation'), ('GNS', 'early', 'full_consolidation'), ('GNS', 'middle', 'full_consolidation'), ('GNS', 'late', 'full_consolidation'), ('GNS', 'last', 'full_consolidation'), ('NGNS', 'early', 'full_consolidation'), ('NGNS', 'middle', 'full_consolidation'), ('NGNS', 'late', 'full_consolidation'), ('NGNS', 'last', 'full_consolidation')]",True,,,,,,,,,,,,,,
6,143,T5,1.0,0.0,1.0,1.0,0.0,10.0,24,"[('overall', 'early', 'full_consolidation'), ('overall', 'middle', 'full_consolidation'), ('overall', 'late', 'full_consolidation'), ('overall', 'last', 'full_consolidation'), ('a', 'early', 'full_consolidation'), ('a', 'middle', 'full_consolidation'), ('a', 'late', 'full_consolidation'), ('a', 'last', 'full_consolidation'), ('v', 'early', 'full_consolidation'), ('v', 'middle', 'full_consolidation'), ('v', 'late', 'full_consolidation'), ('v', 'last', 'full_consolidation'), ('GS', 'early', 'full_consolidation'), ('GS', 'middle', 'full_consolidation'), ('GS', 'late', 'full_consolidation'), ('GS', 'last', 'full_consolidation'), ('GNS', 'early', 'full_consolidation'), ('GNS', 'middle', 'full_consolidation'), ('GNS', 'late', 'full_consolidation'), ('GNS', 'last', 'full_consolidation'), ('NGNS', 'early', 'full_consolidation'), ('NGNS', 'middle', 'full_consolidation'), ('NGNS', 'late', 'full_consolidation'), ('NGNS', 'last', 'full_consolidation')]",True,,,,,,,,,,,,,,
6,128,BERT,0.10461479425430298,0.0,0.10461479425430298,0.10461479425430298,0.0,1389.4954943731375,1,"[('GS', 'last', 'full_consolidation')]",False,,,,,,,,,,,,,,
6,130,T5,0.12636113166809082,0.0,0.12636113166809082,0.12636113166809082,0.0,7196.856730011521,1,"[('NGNS', 'middle', 'full_consolidation')]",False,,,,,,,,,,,,,,
7,124,BERT,1.0,0.0,1.0,1.0,0.0,10.0,24,"[('overall', 'early', 'full_consolidation'), ('overall', 'middle', 'full_consolidation'), ('overall', 'late', 'full_consolidation'), ('overall', 'last', 'full_consolidation'), ('a', 'early', 'full_consolidation'), ('a', 'middle', 'full_consolidation'), ('a', 'late', 'full_consolidation'), ('a', 'last', 'full_consolidation'), ('v', 'early', 'full_consolidation'), ('v', 'middle', 'full_consolidation'), ('v', 'late', 'full_consolidation'), ('v', 'last', 'full_consolidation'), ('GS', 'early', 'full_consolidation'), ('GS', 'middle', 'full_consolidation'), ('GS', 'late', 'full_consolidation'), ('GS', 'last', 'full_consolidation'), ('GNS', 'early', 'full_consolidation'), ('GNS', 'middle', 'full_consolidation'), ('GNS', 'late', 'full_consolidation'), ('GNS', 'last', 'full_consolidation'), ('NGNS', 'early', 'full_consolidation'), ('NGNS', 'middle', 'full_consolidation'), ('NGNS', 'late', 'full_consolidation'), ('NGNS', 'last', 'full_consolidation')]",True,,,,,,,,,,,,,,
7,125,BERT,1.0,0.0,1.0,1.0,0.0,10.0,24,"[('overall', 'early', 'full_consolidation'), ('overall', 'middle', 'full_consolidation'), ('overall', 'late', 'full_consolidation'), ('overall', 'last', 'full_consolidation'), ('a', 'early', 'full_consolidation'), ('a', 'middle', 'full_consolidation'), ('a', 'late', 'full_consolidation'), ('a', 'last', 'full_consolidation'), ('v', 'early', 'full_consolidation'), ('v', 'middle', 'full_consolidation'), ('v', 'late', 'full_consolidation'), ('v', 'last', 'full_consolidation'), ('GS', 'early', 'full_consolidation'), ('GS', 'middle', 'full_consolidation'), ('GS', 'late', 'full_consolidation'), ('GS', 'last', 'full_consolidation'), ('GNS', 'early', 'full_consolidation'), ('GNS', 'middle', 'full_consolidation'), ('GNS', 'late', 'full_consolidation'), ('GNS', 'last', 'full_consolidation'), ('NGNS', 'early', 'full_consolidation'), ('NGNS', 'middle', 'full_consolidation'), ('NGNS', 'late', 'full_consolidation'), ('NGNS', 'last', 'full_consolidation')]",True,,,,,,,,,,,,,,
7,126,BERT,1.0,0.0,1.0,1.0,0.0,10.0,24,"[('overall', 'early', 'full_consolidation'), ('overall', 'middle', 'full_consolidation'), ('overall', 'late', 'full_consolidation'), ('overall', 'last', 'full_consolidation'), ('a', 'early', 'full_consolidation'), ('a', 'middle', 'full_consolidation'), ('a', 'late', 'full_consolidation'), ('a', 'last', 'full_consolidation'), ('v', 'early', 'full_consolidation'), ('v', 'middle', 'full_consolidation'), ('v', 'late', 'full_consolidation'), ('v', 'last', 'full_consolidation'), ('GS', 'early', 'full_consolidation'), ('GS', 'middle', 'full_consolidation'), ('GS', 'late', 'full_consolidation'), ('GS', 'last', 'full_consolidation'), ('GNS', 'early', 'full_consolidation'), ('GNS', 'middle', 'full_consolidation'), ('GNS', 'late', 'full_consolidation'), ('GNS', 'last', 'full_consolidation'), ('NGNS', 'early', 'full_consolidation'), ('NGNS', 'middle', 'full_consolidation'), ('NGNS', 'late', 'full_consolidation'), ('NGNS', 'last', 'full_consolidation')]",True,,,,,,,,,,,,,,
7,129,BERT,1.0,0.0,1.0,1.0,0.0,10.0,24,"[('overall', 'early', 'full_consolidation'), ('overall', 'middle', 'full_consolidation'), ('overall', 'late', 'full_consolidation'), ('overall', 'last', 'full_consolidation'), ('a', 'early', 'full_consolidation'), ('a', 'middle', 'full_consolidation'), ('a', 'late', 'full_consolidation'), ('a', 'last', 'full_consolidation'), ('v', 'early', 'full_consolidation'), ('v', 'middle', 'full_consolidation'), ('v', 'late', 'full_consolidation'), ('v', 'last', 'full_consolidation'), ('GS', 'early', 'full_consolidation'), ('GS', 'middle', 'full_consolidation'), ('GS', 'late', 'full_consolidation'), ('GS', 'last', 'full_consolidation'), ('GNS', 'early', 'full_consolidation'), ('GNS', 'middle', 'full_consolidation'), ('GNS', 'late', 'full_consolidation'), ('GNS', 'last', 'full_consolidation'), ('NGNS', 'early', 'full_consolidation'), ('NGNS', 'middle', 'full_consolidation'), ('NGNS', 'late', 'full_consolidation'), ('NGNS', 'last', 'full_consolidation')]",True,,,,,,,,,,,,,,
7,130,BERT,1.0,0.0,1.0,1.0,0.0,10.0,24,"[('overall', 'early', 'full_consolidation'), ('overall', 'middle', 'full_consolidation'), ('overall', 'late', 'full_consolidation'), ('overall', 'last', 'full_consolidation'), ('a', 'early', 'full_consolidation'), ('a', 'middle', 'full_consolidation'), ('a', 'late', 'full_consolidation'), ('a', 'last', 'full_consolidation'), ('v', 'early', 'full_consolidation'), ('v', 'middle', 'full_consolidation'), ('v', 'late', 'full_consolidation'), ('v', 'last', 'full_consolidation'), ('GS', 'early', 'full_consolidation'), ('GS', 'middle', 'full_consolidation'), ('GS', 'late', 'full_consolidation'), ('GS', 'last', 'full_consolidation'), ('GNS', 'early', 'full_consolidation'), ('GNS', 'middle', 'full_consolidation'), ('GNS', 'late', 'full_consolidation'), ('GNS', 'last', 'full_consolidation'), ('NGNS', 'early', 'full_consolidation'), ('NGNS', 'middle', 'full_consolidation'), ('NGNS', 'late', 'full_consolidation'), ('NGNS', 'last', 'full_consolidation')]",True,,,,,,,,,,,,,,
7,131,BERT,1.0,0.0,1.0,1.0,0.0,10.0,24,"[('overall', 'early', 'full_consolidation'), ('overall', 'middle', 'full_consolidation'), ('overall', 'late', 'full_consolidation'), ('overall', 'last', 'full_consolidation'), ('a', 'early', 'full_consolidation'), ('a', 'middle', 'full_consolidation'), ('a', 'late', 'full_consolidation'), ('a', 'last', 'full_consolidation'), ('v', 'early', 'full_consolidation'), ('v', 'middle', 'full_consolidation'), ('v', 'late', 'full_consolidation'), ('v', 'last', 'full_consolidation'), ('GS', 'early', 'full_consolidation'), ('GS', 'middle', 'full_consolidation'), ('GS', 'late', 'full_consolidation'), ('GS', 'last', 'full_consolidation'), ('GNS', 'early', 'full_consolidation'), ('GNS', 'middle', 'full_consolidation'), ('GNS', 'late', 'full_consolidation'), ('GNS', 'last', 'full_consolidation'), ('NGNS', 'early', 'full_consolidation'), ('NGNS', 'middle', 'full_consolidation'), ('NGNS', 'late', 'full_consolidation'), ('NGNS', 'last', 'full_consolidation')]",True,,,,,,,,,,,,,,
7,132,BERT,1.0,0.0,1.0,1.0,0.0,10.0,24,"[('overall', 'early', 'full_consolidation'), ('overall', 'middle', 'full_consolidation'), ('overall', 'late', 'full_consolidation'), ('overall', 'last', 'full_consolidation'), ('a', 'early', 'full_consolidation'), ('a', 'middle', 'full_consolidation'), ('a', 'late', 'full_consolidation'), ('a', 'last', 'full_consolidation'), ('v', 'early', 'full_consolidation'), ('v', 'middle', 'full_consolidation'), ('v', 'late', 'full_consolidation'), ('v', 'last', 'full_consolidation'), ('GS', 'early', 'full_consolidation'), ('GS', 'middle', 'full_consolidation'), ('GS', 'late', 'full_consolidation'), ('GS', 'last', 'full_consolidation'), ('GNS', 'early', 'full_consolidation'), ('GNS', 'middle', 'full_consolidation'), ('GNS', 'late', 'full_consolidation'), ('GNS', 'last', 'full_consolidation'), ('NGNS', 'early', 'full_consolidation'), ('NGNS', 'middle', 'full_consolidation'), ('NGNS', 'late', 'full_consolidation'), ('NGNS', 'last', 'full_consolidation')]",True,,,,,,,,,,,,,,
7,133,BERT,1.0,0.0,1.0,1.0,0.0,10.0,24,"[('overall', 'early', 'full_consolidation'), ('overall', 'middle', 'full_consolidation'), ('overall', 'late', 'full_consolidation'), ('overall', 'last', 'full_consolidation'), ('a', 'early', 'full_consolidation'), ('a', 'middle', 'full_consolidation'), ('a', 'late', 'full_consolidation'), ('a', 'last', 'full_consolidation'), ('v', 'early', 'full_consolidation'), ('v', 'middle', 'full_consolidation'), ('v', 'late', 'full_consolidation'), ('v', 'last', 'full_consolidation'), ('GS', 'early', 'full_consolidation'), ('GS', 'middle', 'full_consolidation'), ('GS', 'late', 'full_consolidation'), ('GS', 'last', 'full_consolidation'), ('GNS', 'early', 'full_consolidation'), ('GNS', 'middle', 'full_consolidation'), ('GNS', 'late', 'full_consolidation'), ('GNS', 'last', 'full_consolidation'), ('NGNS', 'early', 'full_consolidation'), ('NGNS', 'middle', 'full_consolidation'), ('NGNS', 'late', 'full_consolidation'), ('NGNS', 'last', 'full_consolidation')]",True,,,,,,,,,,,,,,
7,134,BERT,1.0,0.0,1.0,1.0,0.0,10.0,24,"[('overall', 'early', 'full_consolidation'), ('overall', 'middle', 'full_consolidation'), ('overall', 'late', 'full_consolidation'), ('overall', 'last', 'full_consolidation'), ('a', 'early', 'full_consolidation'), ('a', 'middle', 'full_consolidation'), ('a', 'late', 'full_consolidation'), ('a', 'last', 'full_consolidation'), ('v', 'early', 'full_consolidation'), ('v', 'middle', 'full_consolidation'), ('v', 'late', 'full_consolidation'), ('v', 'last', 'full_consolidation'), ('GS', 'early', 'full_consolidation'), ('GS', 'middle', 'full_consolidation'), ('GS', 'late', 'full_consolidation'), ('GS', 'last', 'full_consolidation'), ('GNS', 'early', 'full_consolidation'), ('GNS', 'middle', 'full_consolidation'), ('GNS', 'late', 'full_consolidation'), ('GNS', 'last', 'full_consolidation'), ('NGNS', 'early', 'full_consolidation'), ('NGNS', 'middle', 'full_consolidation'), ('NGNS', 'late', 'full_consolidation'), ('NGNS', 'last', 'full_consolidation')]",True,,,,,,,,,,,,,,
7,135,BERT,1.0,0.0,1.0,1.0,0.0,10.0,24,"[('overall', 'early', 'full_consolidation'), ('overall', 'middle', 'full_consolidation'), ('overall', 'late', 'full_consolidation'), ('overall', 'last', 'full_consolidation'), ('a', 'early', 'full_consolidation'), ('a', 'middle', 'full_consolidation'), ('a', 'late', 'full_consolidation'), ('a', 'last', 'full_consolidation'), ('v', 'early', 'full_consolidation'), ('v', 'middle', 'full_consolidation'), ('v', 'late', 'full_consolidation'), ('v', 'last', 'full_consolidation'), ('GS', 'early', 'full_consolidation'), ('GS', 'middle', 'full_consolidation'), ('GS', 'late', 'full_consolidation'), ('GS', 'last', 'full_consolidation'), ('GNS', 'early', 'full_consolidation'), ('GNS', 'middle', 'full_consolidation'), ('GNS', 'late', 'full_consolidation'), ('GNS', 'last', 'full_consolidation'), ('NGNS', 'early', 'full_consolidation'), ('NGNS', 'middle', 'full_consolidation'), ('NGNS', 'late', 'full_consolidation'), ('NGNS', 'last', 'full_consolidation')]",True,,,,,,,,,,,,,,
7,136,BERT,1.0,0.0,1.0,1.0,0.0,10.0,24,"[('overall', 'early', 'full_consolidation'), ('overall', 'middle', 'full_consolidation'), ('overall', 'late', 'full_consolidation'), ('overall', 'last', 'full_consolidation'), ('a', 'early', 'full_consolidation'), ('a', 'middle', 'full_consolidation'), ('a', 'late', 'full_consolidation'), ('a', 'last', 'full_consolidation'), ('v', 'early', 'full_consolidation'), ('v', 'middle', 'full_consolidation'), ('v', 'late', 'full_consolidation'), ('v', 'last', 'full_consolidation'), ('GS', 'early', 'full_consolidation'), ('GS', 'middle', 'full_consolidation'), ('GS', 'late', 'full_consolidation'), ('GS', 'last', 'full_consolidation'), ('GNS', 'early', 'full_consolidation'), ('GNS', 'middle', 'full_consolidation'), ('GNS', 'late', 'full_consolidation'), ('GNS', 'last', 'full_consolidation'), ('NGNS', 'early', 'full_consolidation'), ('NGNS', 'middle', 'full_consolidation'), ('NGNS', 'late', 'full_consolidation'), ('NGNS', 'last', 'full_consolidation')]",True,,,,,,,,,,,,,,
7,137,BERT,1.0,0.0,1.0,1.0,0.0,10.0,24,"[('overall', 'early', 'full_consolidation'), ('overall', 'middle', 'full_consolidation'), ('overall', 'late', 'full_consolidation'), ('overall', 'last', 'full_consolidation'), ('a', 'early', 'full_consolidation'), ('a', 'middle', 'full_consolidation'), ('a', 'late', 'full_consolidation'), ('a', 'last', 'full_consolidation'), ('v', 'early', 'full_consolidation'), ('v', 'middle', 'full_consolidation'), ('v', 'late', 'full_consolidation'), ('v', 'last', 'full_consolidation'), ('GS', 'early', 'full_consolidation'), ('GS', 'middle', 'full_consolidation'), ('GS', 'late', 'full_consolidation'), ('GS', 'last', 'full_consolidation'), ('GNS', 'early', 'full_consolidation'), ('GNS', 'middle', 'full_consolidation'), ('GNS', 'late', 'full_consolidation'), ('GNS', 'last', 'full_consolidation'), ('NGNS', 'early', 'full_consolidation'), ('NGNS', 'middle', 'full_consolidation'), ('NGNS', 'late', 'full_consolidation'), ('NGNS', 'last', 'full_consolidation')]",True,,,,,,,,,,,,,,
7,138,BERT,1.0,0.0,1.0,1.0,0.0,10.0,24,"[('overall', 'early', 'full_consolidation'), ('overall', 'middle', 'full_consolidation'), ('overall', 'late', 'full_consolidation'), ('overall', 'last', 'full_consolidation'), ('a', 'early', 'full_consolidation'), ('a', 'middle', 'full_consolidation'), ('a', 'late', 'full_consolidation'), ('a', 'last', 'full_consolidation'), ('v', 'early', 'full_consolidation'), ('v', 'middle', 'full_consolidation'), ('v', 'late', 'full_consolidation'), ('v', 'last', 'full_consolidation'), ('GS', 'early', 'full_consolidation'), ('GS', 'middle', 'full_consolidation'), ('GS', 'late', 'full_consolidation'), ('GS', 'last', 'full_consolidation'), ('GNS', 'early', 'full_consolidation'), ('GNS', 'middle', 'full_consolidation'), ('GNS', 'late', 'full_consolidation'), ('GNS', 'last', 'full_consolidation'), ('NGNS', 'early', 'full_consolidation'), ('NGNS', 'middle', 'full_consolidation'), ('NGNS', 'late', 'full_consolidation'), ('NGNS', 'last', 'full_consolidation')]",True,,,,,,,,,,,,,,
7,139,BERT,1.0,0.0,1.0,1.0,0.0,10.0,24,"[('overall', 'early', 'full_consolidation'), ('overall', 'middle', 'full_consolidation'), ('overall', 'late', 'full_consolidation'), ('overall', 'last', 'full_consolidation'), ('a', 'early', 'full_consolidation'), ('a', 'middle', 'full_consolidation'), ('a', 'late', 'full_consolidation'), ('a', 'last', 'full_consolidation'), ('v', 'early', 'full_consolidation'), ('v', 'middle', 'full_consolidation'), ('v', 'late', 'full_consolidation'), ('v', 'last', 'full_consolidation'), ('GS', 'early', 'full_consolidation'), ('GS', 'middle', 'full_consolidation'), ('GS', 'late', 'full_consolidation'), ('GS', 'last', 'full_consolidation'), ('GNS', 'early', 'full_consolidation'), ('GNS', 'middle', 'full_consolidation'), ('GNS', 'late', 'full_consolidation'), ('GNS', 'last', 'full_consolidation'), ('NGNS', 'early', 'full_consolidation'), ('NGNS', 'middle', 'full_consolidation'), ('NGNS', 'late', 'full_consolidation'), ('NGNS', 'last', 'full_consolidation')]",True,,,,,,,,,,,,,,
7,140,BERT,1.0,0.0,1.0,1.0,0.0,10.0,24,"[('overall', 'early', 'full_consolidation'), ('overall', 'middle', 'full_consolidation'), ('overall', 'late', 'full_consolidation'), ('overall', 'last', 'full_consolidation'), ('a', 'early', 'full_consolidation'), ('a', 'middle', 'full_consolidation'), ('a', 'late', 'full_consolidation'), ('a', 'last', 'full_consolidation'), ('v', 'early', 'full_consolidation'), ('v', 'middle', 'full_consolidation'), ('v', 'late', 'full_consolidation'), ('v', 'last', 'full_consolidation'), ('GS', 'early', 'full_consolidation'), ('GS', 'middle', 'full_consolidation'), ('GS', 'late', 'full_consolidation'), ('GS', 'last', 'full_consolidation'), ('GNS', 'early', 'full_consolidation'), ('GNS', 'middle', 'full_consolidation'), ('GNS', 'late', 'full_consolidation'), ('GNS', 'last', 'full_consolidation'), ('NGNS', 'early', 'full_consolidation'), ('NGNS', 'middle', 'full_consolidation'), ('NGNS', 'late', 'full_consolidation'), ('NGNS', 'last', 'full_consolidation')]",True,,,,,,,,,,,,,,
7,141,BERT,1.0,0.0,1.0,1.0,0.0,10.0,24,"[('overall', 'early', 'full_consolidation'), ('overall', 'middle', 'full_consolidation'), ('overall', 'late', 'full_consolidation'), ('overall', 'last', 'full_consolidation'), ('a', 'early', 'full_consolidation'), ('a', 'middle', 'full_consolidation'), ('a', 'late', 'full_consolidation'), ('a', 'last', 'full_consolidation'), ('v', 'early', 'full_consolidation'), ('v', 'middle', 'full_consolidation'), ('v', 'late', 'full_consolidation'), ('v', 'last', 'full_consolidation'), ('GS', 'early', 'full_consolidation'), ('GS', 'middle', 'full_consolidation'), ('GS', 'late', 'full_consolidation'), ('GS', 'last', 'full_consolidation'), ('GNS', 'early', 'full_consolidation'), ('GNS', 'middle', 'full_consolidation'), ('GNS', 'late', 'full_consolidation'), ('GNS', 'last', 'full_consolidation'), ('NGNS', 'early', 'full_consolidation'), ('NGNS', 'middle', 'full_consolidation'), ('NGNS', 'late', 'full_consolidation'), ('NGNS', 'last', 'full_consolidation')]",True,,,,,,,,,,,,,,
7,142,BERT,1.0,0.0,1.0,1.0,0.0,10.0,24,"[('overall', 'early', 'full_consolidation'), ('overall', 'middle', 'full_consolidation'), ('overall', 'late', 'full_consolidation'), ('overall', 'last', 'full_consolidation'), ('a', 'early', 'full_consolidation'), ('a', 'middle', 'full_consolidation'), ('a', 'late', 'full_consolidation'), ('a', 'last', 'full_consolidation'), ('v', 'early', 'full_consolidation'), ('v', 'middle', 'full_consolidation'), ('v', 'late', 'full_consolidation'), ('v', 'last', 'full_consolidation'), ('GS', 'early', 'full_consolidation'), ('GS', 'middle', 'full_consolidation'), ('GS', 'late', 'full_consolidation'), ('GS', 'last', 'full_consolidation'), ('GNS', 'early', 'full_consolidation'), ('GNS', 'middle', 'full_consolidation'), ('GNS', 'late', 'full_consolidation'), ('GNS', 'last', 'full_consolidation'), ('NGNS', 'early', 'full_consolidation'), ('NGNS', 'middle', 'full_consolidation'), ('NGNS', 'late', 'full_consolidation'), ('NGNS', 'last', 'full_consolidation')]",True,,,,,,,,,,,,,,
7,124,GPT,1.0,0.0,1.0,1.0,0.0,10.0,24,"[('overall', 'early', 'full_consolidation'), ('overall', 'middle', 'full_consolidation'), ('overall', 'late', 'full_consolidation'), ('overall', 'last', 'full_consolidation'), ('a', 'early', 'full_consolidation'), ('a', 'middle', 'full_consolidation'), ('a', 'late', 'full_consolidation'), ('a', 'last', 'full_consolidation'), ('v', 'early', 'full_consolidation'), ('v', 'middle', 'full_consolidation'), ('v', 'late', 'full_consolidation'), ('v', 'last', 'full_consolidation'), ('GS', 'early', 'full_consolidation'), ('GS', 'middle', 'full_consolidation'), ('GS', 'late', 'full_consolidation'), ('GS', 'last', 'full_consolidation'), ('GNS', 'early', 'full_consolidation'), ('GNS', 'middle', 'full_consolidation'), ('GNS', 'late', 'full_consolidation'), ('GNS', 'last', 'full_consolidation'), ('NGNS', 'early', 'full_consolidation'), ('NGNS', 'middle', 'full_consolidation'), ('NGNS', 'late', 'full_consolidation'), ('NGNS', 'last', 'full_consolidation')]",True,,,,,,,,,,,,,,
7,125,GPT,1.0,0.0,1.0,1.0,0.0,10.0,24,"[('overall', 'early', 'full_consolidation'), ('overall', 'middle', 'full_consolidation'), ('overall', 'late', 'full_consolidation'), ('overall', 'last', 'full_consolidation'), ('a', 'early', 'full_consolidation'), ('a', 'middle', 'full_consolidation'), ('a', 'late', 'full_consolidation'), ('a', 'last', 'full_consolidation'), ('v', 'early', 'full_consolidation'), ('v', 'middle', 'full_consolidation'), ('v', 'late', 'full_consolidation'), ('v', 'last', 'full_consolidation'), ('GS', 'early', 'full_consolidation'), ('GS', 'middle', 'full_consolidation'), ('GS', 'late', 'full_consolidation'), ('GS', 'last', 'full_consolidation'), ('GNS', 'early', 'full_consolidation'), ('GNS', 'middle', 'full_consolidation'), ('GNS', 'late', 'full_consolidation'), ('GNS', 'last', 'full_consolidation'), ('NGNS', 'early', 'full_consolidation'), ('NGNS', 'middle', 'full_consolidation'), ('NGNS', 'late', 'full_consolidation'), ('NGNS', 'last', 'full_consolidation')]",True,,,,,,,,,,,,,,
7,126,GPT,1.0,0.0,1.0,1.0,0.0,10.0,24,"[('overall', 'early', 'full_consolidation'), ('overall', 'middle', 'full_consolidation'), ('overall', 'late', 'full_consolidation'), ('overall', 'last', 'full_consolidation'), ('a', 'early', 'full_consolidation'), ('a', 'middle', 'full_consolidation'), ('a', 'late', 'full_consolidation'), ('a', 'last', 'full_consolidation'), ('v', 'early', 'full_consolidation'), ('v', 'middle', 'full_consolidation'), ('v', 'late', 'full_consolidation'), ('v', 'last', 'full_consolidation'), ('GS', 'early', 'full_consolidation'), ('GS', 'middle', 'full_consolidation'), ('GS', 'late', 'full_consolidation'), ('GS', 'last', 'full_consolidation'), ('GNS', 'early', 'full_consolidation'), ('GNS', 'middle', 'full_consolidation'), ('GNS', 'late', 'full_consolidation'), ('GNS', 'last', 'full_consolidation'), ('NGNS', 'early', 'full_consolidation'), ('NGNS', 'middle', 'full_consolidation'), ('NGNS', 'late', 'full_consolidation'), ('NGNS', 'last', 'full_consolidation')]",True,,,,,,,,,,,,,,
7,129,GPT,1.0,0.0,1.0,1.0,0.0,10.0,24,"[('overall', 'early', 'full_consolidation'), ('overall', 'middle', 'full_consolidation'), ('overall', 'late', 'full_consolidation'), ('overall', 'last', 'full_consolidation'), ('a', 'early', 'full_consolidation'), ('a', 'middle', 'full_consolidation'), ('a', 'late', 'full_consolidation'), ('a', 'last', 'full_consolidation'), ('v', 'early', 'full_consolidation'), ('v', 'middle', 'full_consolidation'), ('v', 'late', 'full_consolidation'), ('v', 'last', 'full_consolidation'), ('GS', 'early', 'full_consolidation'), ('GS', 'middle', 'full_consolidation'), ('GS', 'late', 'full_consolidation'), ('GS', 'last', 'full_consolidation'), ('GNS', 'early', 'full_consolidation'), ('GNS', 'middle', 'full_consolidation'), ('GNS', 'late', 'full_consolidation'), ('GNS', 'last', 'full_consolidation'), ('NGNS', 'early', 'full_consolidation'), ('NGNS', 'middle', 'full_consolidation'), ('NGNS', 'late', 'full_consolidation'), ('NGNS', 'last', 'full_consolidation')]",True,,,,,,,,,,,,,,
7,130,GPT,1.0,0.0,1.0,1.0,0.0,10.0,24,"[('overall', 'early', 'full_consolidation'), ('overall', 'middle', 'full_consolidation'), ('overall', 'late', 'full_consolidation'), ('overall', 'last', 'full_consolidation'), ('a', 'early', 'full_consolidation'), ('a', 'middle', 'full_consolidation'), ('a', 'late', 'full_consolidation'), ('a', 'last', 'full_consolidation'), ('v', 'early', 'full_consolidation'), ('v', 'middle', 'full_consolidation'), ('v', 'late', 'full_consolidation'), ('v', 'last', 'full_consolidation'), ('GS', 'early', 'full_consolidation'), ('GS', 'middle', 'full_consolidation'), ('GS', 'late', 'full_consolidation'), ('GS', 'last', 'full_consolidation'), ('GNS', 'early', 'full_consolidation'), ('GNS', 'middle', 'full_consolidation'), ('GNS', 'late', 'full_consolidation'), ('GNS', 'last', 'full_consolidation'), ('NGNS', 'early', 'full_consolidation'), ('NGNS', 'middle', 'full_consolidation'), ('NGNS', 'late', 'full_consolidation'), ('NGNS', 'last', 'full_consolidation')]",True,,,,,,,,,,,,,,
7,131,GPT,1.0,0.0,1.0,1.0,0.0,10.0,24,"[('overall', 'early', 'full_consolidation'), ('overall', 'middle', 'full_consolidation'), ('overall', 'late', 'full_consolidation'), ('overall', 'last', 'full_consolidation'), ('a', 'early', 'full_consolidation'), ('a', 'middle', 'full_consolidation'), ('a', 'late', 'full_consolidation'), ('a', 'last', 'full_consolidation'), ('v', 'early', 'full_consolidation'), ('v', 'middle', 'full_consolidation'), ('v', 'late', 'full_consolidation'), ('v', 'last', 'full_consolidation'), ('GS', 'early', 'full_consolidation'), ('GS', 'middle', 'full_consolidation'), ('GS', 'late', 'full_consolidation'), ('GS', 'last', 'full_consolidation'), ('GNS', 'early', 'full_consolidation'), ('GNS', 'middle', 'full_consolidation'), ('GNS', 'late', 'full_consolidation'), ('GNS', 'last', 'full_consolidation'), ('NGNS', 'early', 'full_consolidation'), ('NGNS', 'middle', 'full_consolidation'), ('NGNS', 'late', 'full_consolidation'), ('NGNS', 'last', 'full_consolidation')]",True,,,,,,,,,,,,,,
7,132,GPT,1.0,0.0,1.0,1.0,0.0,10.0,24,"[('overall', 'early', 'full_consolidation'), ('overall', 'middle', 'full_consolidation'), ('overall', 'late', 'full_consolidation'), ('overall', 'last', 'full_consolidation'), ('a', 'early', 'full_consolidation'), ('a', 'middle', 'full_consolidation'), ('a', 'late', 'full_consolidation'), ('a', 'last', 'full_consolidation'), ('v', 'early', 'full_consolidation'), ('v', 'middle', 'full_consolidation'), ('v', 'late', 'full_consolidation'), ('v', 'last', 'full_consolidation'), ('GS', 'early', 'full_consolidation'), ('GS', 'middle', 'full_consolidation'), ('GS', 'late', 'full_consolidation'), ('GS', 'last', 'full_consolidation'), ('GNS', 'early', 'full_consolidation'), ('GNS', 'middle', 'full_consolidation'), ('GNS', 'late', 'full_consolidation'), ('GNS', 'last', 'full_consolidation'), ('NGNS', 'early', 'full_consolidation'), ('NGNS', 'middle', 'full_consolidation'), ('NGNS', 'late', 'full_consolidation'), ('NGNS', 'last', 'full_consolidation')]",True,,,,,,,,,,,,,,
7,133,GPT,1.0,0.0,1.0,1.0,0.0,10.0,24,"[('overall', 'early', 'full_consolidation'), ('overall', 'middle', 'full_consolidation'), ('overall', 'late', 'full_consolidation'), ('overall', 'last', 'full_consolidation'), ('a', 'early', 'full_consolidation'), ('a', 'middle', 'full_consolidation'), ('a', 'late', 'full_consolidation'), ('a', 'last', 'full_consolidation'), ('v', 'early', 'full_consolidation'), ('v', 'middle', 'full_consolidation'), ('v', 'late', 'full_consolidation'), ('v', 'last', 'full_consolidation'), ('GS', 'early', 'full_consolidation'), ('GS', 'middle', 'full_consolidation'), ('GS', 'late', 'full_consolidation'), ('GS', 'last', 'full_consolidation'), ('GNS', 'early', 'full_consolidation'), ('GNS', 'middle', 'full_consolidation'), ('GNS', 'late', 'full_consolidation'), ('GNS', 'last', 'full_consolidation'), ('NGNS', 'early', 'full_consolidation'), ('NGNS', 'middle', 'full_consolidation'), ('NGNS', 'late', 'full_consolidation'), ('NGNS', 'last', 'full_consolidation')]",True,,,,,,,,,,,,,,
7,134,GPT,1.0,0.0,1.0,1.0,0.0,10.0,24,"[('overall', 'early', 'full_consolidation'), ('overall', 'middle', 'full_consolidation'), ('overall', 'late', 'full_consolidation'), ('overall', 'last', 'full_consolidation'), ('a', 'early', 'full_consolidation'), ('a', 'middle', 'full_consolidation'), ('a', 'late', 'full_consolidation'), ('a', 'last', 'full_consolidation'), ('v', 'early', 'full_consolidation'), ('v', 'middle', 'full_consolidation'), ('v', 'late', 'full_consolidation'), ('v', 'last', 'full_consolidation'), ('GS', 'early', 'full_consolidation'), ('GS', 'middle', 'full_consolidation'), ('GS', 'late', 'full_consolidation'), ('GS', 'last', 'full_consolidation'), ('GNS', 'early', 'full_consolidation'), ('GNS', 'middle', 'full_consolidation'), ('GNS', 'late', 'full_consolidation'), ('GNS', 'last', 'full_consolidation'), ('NGNS', 'early', 'full_consolidation'), ('NGNS', 'middle', 'full_consolidation'), ('NGNS', 'late', 'full_consolidation'), ('NGNS', 'last', 'full_consolidation')]",True,,,,,,,,,,,,,,
7,135,GPT,1.0,0.0,1.0,1.0,0.0,10.0,24,"[('overall', 'early', 'full_consolidation'), ('overall', 'middle', 'full_consolidation'), ('overall', 'late', 'full_consolidation'), ('overall', 'last', 'full_consolidation'), ('a', 'early', 'full_consolidation'), ('a', 'middle', 'full_consolidation'), ('a', 'late', 'full_consolidation'), ('a', 'last', 'full_consolidation'), ('v', 'early', 'full_consolidation'), ('v', 'middle', 'full_consolidation'), ('v', 'late', 'full_consolidation'), ('v', 'last', 'full_consolidation'), ('GS', 'early', 'full_consolidation'), ('GS', 'middle', 'full_consolidation'), ('GS', 'late', 'full_consolidation'), ('GS', 'last', 'full_consolidation'), ('GNS', 'early', 'full_consolidation'), ('GNS', 'middle', 'full_consolidation'), ('GNS', 'late', 'full_consolidation'), ('GNS', 'last', 'full_consolidation'), ('NGNS', 'early', 'full_consolidation'), ('NGNS', 'middle', 'full_consolidation'), ('NGNS', 'late', 'full_consolidation'), ('NGNS', 'last', 'full_consolidation')]",True,,,,,,,,,,,,,,
7,136,GPT,1.0,0.0,1.0,1.0,0.0,10.0,24,"[('overall', 'early', 'full_consolidation'), ('overall', 'middle', 'full_consolidation'), ('overall', 'late', 'full_consolidation'), ('overall', 'last', 'full_consolidation'), ('a', 'early', 'full_consolidation'), ('a', 'middle', 'full_consolidation'), ('a', 'late', 'full_consolidation'), ('a', 'last', 'full_consolidation'), ('v', 'early', 'full_consolidation'), ('v', 'middle', 'full_consolidation'), ('v', 'late', 'full_consolidation'), ('v', 'last', 'full_consolidation'), ('GS', 'early', 'full_consolidation'), ('GS', 'middle', 'full_consolidation'), ('GS', 'late', 'full_consolidation'), ('GS', 'last', 'full_consolidation'), ('GNS', 'early', 'full_consolidation'), ('GNS', 'middle', 'full_consolidation'), ('GNS', 'late', 'full_consolidation'), ('GNS', 'last', 'full_consolidation'), ('NGNS', 'early', 'full_consolidation'), ('NGNS', 'middle', 'full_consolidation'), ('NGNS', 'late', 'full_consolidation'), ('NGNS', 'last', 'full_consolidation')]",True,,,,,,,,,,,,,,
7,137,GPT,1.0,0.0,1.0,1.0,0.0,10.0,24,"[('overall', 'early', 'full_consolidation'), ('overall', 'middle', 'full_consolidation'), ('overall', 'late', 'full_consolidation'), ('overall', 'last', 'full_consolidation'), ('a', 'early', 'full_consolidation'), ('a', 'middle', 'full_consolidation'), ('a', 'late', 'full_consolidation'), ('a', 'last', 'full_consolidation'), ('v', 'early', 'full_consolidation'), ('v', 'middle', 'full_consolidation'), ('v', 'late', 'full_consolidation'), ('v', 'last', 'full_consolidation'), ('GS', 'early', 'full_consolidation'), ('GS', 'middle', 'full_consolidation'), ('GS', 'late', 'full_consolidation'), ('GS', 'last', 'full_consolidation'), ('GNS', 'early', 'full_consolidation'), ('GNS', 'middle', 'full_consolidation'), ('GNS', 'late', 'full_consolidation'), ('GNS', 'last', 'full_consolidation'), ('NGNS', 'early', 'full_consolidation'), ('NGNS', 'middle', 'full_consolidation'), ('NGNS', 'late', 'full_consolidation'), ('NGNS', 'last', 'full_consolidation')]",True,,,,,,,,,,,,,,
7,138,GPT,1.0,0.0,1.0,1.0,0.0,10.0,24,"[('overall', 'early', 'full_consolidation'), ('overall', 'middle', 'full_consolidation'), ('overall', 'late', 'full_consolidation'), ('overall', 'last', 'full_consolidation'), ('a', 'early', 'full_consolidation'), ('a', 'middle', 'full_consolidation'), ('a', 'late', 'full_consolidation'), ('a', 'last', 'full_consolidation'), ('v', 'early', 'full_consolidation'), ('v', 'middle', 'full_consolidation'), ('v', 'late', 'full_consolidation'), ('v', 'last', 'full_consolidation'), ('GS', 'early', 'full_consolidation'), ('GS', 'middle', 'full_consolidation'), ('GS', 'late', 'full_consolidation'), ('GS', 'last', 'full_consolidation'), ('GNS', 'early', 'full_consolidation'), ('GNS', 'middle', 'full_consolidation'), ('GNS', 'late', 'full_consolidation'), ('GNS', 'last', 'full_consolidation'), ('NGNS', 'early', 'full_consolidation'), ('NGNS', 'middle', 'full_consolidation'), ('NGNS', 'late', 'full_consolidation'), ('NGNS', 'last', 'full_consolidation')]",True,,,,,,,,,,,,,,
7,139,GPT,1.0,0.0,1.0,1.0,0.0,10.0,24,"[('overall', 'early', 'full_consolidation'), ('overall', 'middle', 'full_consolidation'), ('overall', 'late', 'full_consolidation'), ('overall', 'last', 'full_consolidation'), ('a', 'early', 'full_consolidation'), ('a', 'middle', 'full_consolidation'), ('a', 'late', 'full_consolidation'), ('a', 'last', 'full_consolidation'), ('v', 'early', 'full_consolidation'), ('v', 'middle', 'full_consolidation'), ('v', 'late', 'full_consolidation'), ('v', 'last', 'full_consolidation'), ('GS', 'early', 'full_consolidation'), ('GS', 'middle', 'full_consolidation'), ('GS', 'late', 'full_consolidation'), ('GS', 'last', 'full_consolidation'), ('GNS', 'early', 'full_consolidation'), ('GNS', 'middle', 'full_consolidation'), ('GNS', 'late', 'full_consolidation'), ('GNS', 'last', 'full_consolidation'), ('NGNS', 'early', 'full_consolidation'), ('NGNS', 'middle', 'full_consolidation'), ('NGNS', 'late', 'full_consolidation'), ('NGNS', 'last', 'full_consolidation')]",True,,,,,,,,,,,,,,
7,140,GPT,1.0,0.0,1.0,1.0,0.0,10.0,24,"[('overall', 'early', 'full_consolidation'), ('overall', 'middle', 'full_consolidation'), ('overall', 'late', 'full_consolidation'), ('overall', 'last', 'full_consolidation'), ('a', 'early', 'full_consolidation'), ('a', 'middle', 'full_consolidation'), ('a', 'late', 'full_consolidation'), ('a', 'last', 'full_consolidation'), ('v', 'early', 'full_consolidation'), ('v', 'middle', 'full_consolidation'), ('v', 'late', 'full_consolidation'), ('v', 'last', 'full_consolidation'), ('GS', 'early', 'full_consolidation'), ('GS', 'middle', 'full_consolidation'), ('GS', 'late', 'full_consolidation'), ('GS', 'last', 'full_consolidation'), ('GNS', 'early', 'full_consolidation'), ('GNS', 'middle', 'full_consolidation'), ('GNS', 'late', 'full_consolidation'), ('GNS', 'last', 'full_consolidation'), ('NGNS', 'early', 'full_consolidation'), ('NGNS', 'middle', 'full_consolidation'), ('NGNS', 'late', 'full_consolidation'), ('NGNS', 'last', 'full_consolidation')]",True,,,,,,,,,,,,,,
7,141,GPT,1.0,0.0,1.0,1.0,0.0,10.0,24,"[('overall', 'early', 'full_consolidation'), ('overall', 'middle', 'full_consolidation'), ('overall', 'late', 'full_consolidation'), ('overall', 'last', 'full_consolidation'), ('a', 'early', 'full_consolidation'), ('a', 'middle', 'full_consolidation'), ('a', 'late', 'full_consolidation'), ('a', 'last', 'full_consolidation'), ('v', 'early', 'full_consolidation'), ('v', 'middle', 'full_consolidation'), ('v', 'late', 'full_consolidation'), ('v', 'last', 'full_consolidation'), ('GS', 'early', 'full_consolidation'), ('GS', 'middle', 'full_consolidation'), ('GS', 'late', 'full_consolidation'), ('GS', 'last', 'full_consolidation'), ('GNS', 'early', 'full_consolidation'), ('GNS', 'middle', 'full_consolidation'), ('GNS', 'late', 'full_consolidation'), ('GNS', 'last', 'full_consolidation'), ('NGNS', 'early', 'full_consolidation'), ('NGNS', 'middle', 'full_consolidation'), ('NGNS', 'late', 'full_consolidation'), ('NGNS', 'last', 'full_consolidation')]",True,,,,,,,,,,,,,,
7,142,GPT,1.0,0.0,1.0,1.0,0.0,10.0,24,"[('overall', 'early', 'full_consolidation'), ('overall', 'middle', 'full_consolidation'), ('overall', 'late', 'full_consolidation'), ('overall', 'last', 'full_consolidation'), ('a', 'early', 'full_consolidation'), ('a', 'middle', 'full_consolidation'), ('a', 'late', 'full_consolidation'), ('a', 'last', 'full_consolidation'), ('v', 'early', 'full_consolidation'), ('v', 'middle', 'full_consolidation'), ('v', 'late', 'full_consolidation'), ('v', 'last', 'full_consolidation'), ('GS', 'early', 'full_consolidation'), ('GS', 'middle', 'full_consolidation'), ('GS', 'late', 'full_consolidation'), ('GS', 'last', 'full_consolidation'), ('GNS', 'early', 'full_consolidation'), ('GNS', 'middle', 'full_consolidation'), ('GNS', 'late', 'full_consolidation'), ('GNS', 'last', 'full_consolidation'), ('NGNS', 'early', 'full_consolidation'), ('NGNS', 'middle', 'full_consolidation'), ('NGNS', 'late', 'full_consolidation'), ('NGNS', 'last', 'full_consolidation')]",True,,,,,,,,,,,,,,
7,124,T5,1.0,0.0,1.0,1.0,0.0,10.0,24,"[('overall', 'early', 'full_consolidation'), ('overall', 'middle', 'full_consolidation'), ('overall', 'late', 'full_consolidation'), ('overall', 'last', 'full_consolidation'), ('a', 'early', 'full_consolidation'), ('a', 'middle', 'full_consolidation'), ('a', 'late', 'full_consolidation'), ('a', 'last', 'full_consolidation'), ('v', 'early', 'full_consolidation'), ('v', 'middle', 'full_consolidation'), ('v', 'late', 'full_consolidation'), ('v', 'last', 'full_consolidation'), ('GS', 'early', 'full_consolidation'), ('GS', 'middle', 'full_consolidation'), ('GS', 'late', 'full_consolidation'), ('GS', 'last', 'full_consolidation'), ('GNS', 'early', 'full_consolidation'), ('GNS', 'middle', 'full_consolidation'), ('GNS', 'late', 'full_consolidation'), ('GNS', 'last', 'full_consolidation'), ('NGNS', 'early', 'full_consolidation'), ('NGNS', 'middle', 'full_consolidation'), ('NGNS', 'late', 'full_consolidation'), ('NGNS', 'last', 'full_consolidation')]",True,,,,,,,,,,,,,,
7,125,T5,1.0,0.0,1.0,1.0,0.0,10.0,24,"[('overall', 'early', 'full_consolidation'), ('overall', 'middle', 'full_consolidation'), ('overall', 'late', 'full_consolidation'), ('overall', 'last', 'full_consolidation'), ('a', 'early', 'full_consolidation'), ('a', 'middle', 'full_consolidation'), ('a', 'late', 'full_consolidation'), ('a', 'last', 'full_consolidation'), ('v', 'early', 'full_consolidation'), ('v', 'middle', 'full_consolidation'), ('v', 'late', 'full_consolidation'), ('v', 'last', 'full_consolidation'), ('GS', 'early', 'full_consolidation'), ('GS', 'middle', 'full_consolidation'), ('GS', 'late', 'full_consolidation'), ('GS', 'last', 'full_consolidation'), ('GNS', 'early', 'full_consolidation'), ('GNS', 'middle', 'full_consolidation'), ('GNS', 'late', 'full_consolidation'), ('GNS', 'last', 'full_consolidation'), ('NGNS', 'early', 'full_consolidation'), ('NGNS', 'middle', 'full_consolidation'), ('NGNS', 'late', 'full_consolidation'), ('NGNS', 'last', 'full_consolidation')]",True,,,,,,,,,,,,,,
7,126,T5,1.0,0.0,1.0,1.0,0.0,10.0,24,"[('overall', 'early', 'full_consolidation'), ('overall', 'middle', 'full_consolidation'), ('overall', 'late', 'full_consolidation'), ('overall', 'last', 'full_consolidation'), ('a', 'early', 'full_consolidation'), ('a', 'middle', 'full_consolidation'), ('a', 'late', 'full_consolidation'), ('a', 'last', 'full_consolidation'), ('v', 'early', 'full_consolidation'), ('v', 'middle', 'full_consolidation'), ('v', 'late', 'full_consolidation'), ('v', 'last', 'full_consolidation'), ('GS', 'early', 'full_consolidation'), ('GS', 'middle', 'full_consolidation'), ('GS', 'late', 'full_consolidation'), ('GS', 'last', 'full_consolidation'), ('GNS', 'early', 'full_consolidation'), ('GNS', 'middle', 'full_consolidation'), ('GNS', 'late', 'full_consolidation'), ('GNS', 'last', 'full_consolidation'), ('NGNS', 'early', 'full_consolidation'), ('NGNS', 'middle', 'full_consolidation'), ('NGNS', 'late', 'full_consolidation'), ('NGNS', 'last', 'full_consolidation')]",True,,,,,,,,,,,,,,
7,129,T5,1.0,0.0,1.0,1.0,0.0,10.0,24,"[('overall', 'early', 'full_consolidation'), ('overall', 'middle', 'full_consolidation'), ('overall', 'late', 'full_consolidation'), ('overall', 'last', 'full_consolidation'), ('a', 'early', 'full_consolidation'), ('a', 'middle', 'full_consolidation'), ('a', 'late', 'full_consolidation'), ('a', 'last', 'full_consolidation'), ('v', 'early', 'full_consolidation'), ('v', 'middle', 'full_consolidation'), ('v', 'late', 'full_consolidation'), ('v', 'last', 'full_consolidation'), ('GS', 'early', 'full_consolidation'), ('GS', 'middle', 'full_consolidation'), ('GS', 'late', 'full_consolidation'), ('GS', 'last', 'full_consolidation'), ('GNS', 'early', 'full_consolidation'), ('GNS', 'middle', 'full_consolidation'), ('GNS', 'late', 'full_consolidation'), ('GNS', 'last', 'full_consolidation'), ('NGNS', 'early', 'full_consolidation'), ('NGNS', 'middle', 'full_consolidation'), ('NGNS', 'late', 'full_consolidation'), ('NGNS', 'last', 'full_consolidation')]",True,,,,,,,,,,,,,,
7,130,T5,1.0,0.0,1.0,1.0,0.0,10.0,24,"[('overall', 'early', 'full_consolidation'), ('overall', 'middle', 'full_consolidation'), ('overall', 'late', 'full_consolidation'), ('overall', 'last', 'full_consolidation'), ('a', 'early', 'full_consolidation'), ('a', 'middle', 'full_consolidation'), ('a', 'late', 'full_consolidation'), ('a', 'last', 'full_consolidation'), ('v', 'early', 'full_consolidation'), ('v', 'middle', 'full_consolidation'), ('v', 'late', 'full_consolidation'), ('v', 'last', 'full_consolidation'), ('GS', 'early', 'full_consolidation'), ('GS', 'middle', 'full_consolidation'), ('GS', 'late', 'full_consolidation'), ('GS', 'last', 'full_consolidation'), ('GNS', 'early', 'full_consolidation'), ('GNS', 'middle', 'full_consolidation'), ('GNS', 'late', 'full_consolidation'), ('GNS', 'last', 'full_consolidation'), ('NGNS', 'early', 'full_consolidation'), ('NGNS', 'middle', 'full_consolidation'), ('NGNS', 'late', 'full_consolidation'), ('NGNS', 'last', 'full_consolidation')]",True,,,,,,,,,,,,,,
7,131,T5,1.0,0.0,1.0,1.0,0.0,10.0,24,"[('overall', 'early', 'full_consolidation'), ('overall', 'middle', 'full_consolidation'), ('overall', 'late', 'full_consolidation'), ('overall', 'last', 'full_consolidation'), ('a', 'early', 'full_consolidation'), ('a', 'middle', 'full_consolidation'), ('a', 'late', 'full_consolidation'), ('a', 'last', 'full_consolidation'), ('v', 'early', 'full_consolidation'), ('v', 'middle', 'full_consolidation'), ('v', 'late', 'full_consolidation'), ('v', 'last', 'full_consolidation'), ('GS', 'early', 'full_consolidation'), ('GS', 'middle', 'full_consolidation'), ('GS', 'late', 'full_consolidation'), ('GS', 'last', 'full_consolidation'), ('GNS', 'early', 'full_consolidation'), ('GNS', 'middle', 'full_consolidation'), ('GNS', 'late', 'full_consolidation'), ('GNS', 'last', 'full_consolidation'), ('NGNS', 'early', 'full_consolidation'), ('NGNS', 'middle', 'full_consolidation'), ('NGNS', 'late', 'full_consolidation'), ('NGNS', 'last', 'full_consolidation')]",True,,,,,,,,,,,,,,
7,132,T5,1.0,0.0,1.0,1.0,0.0,10.0,24,"[('overall', 'early', 'full_consolidation'), ('overall', 'middle', 'full_consolidation'), ('overall', 'late', 'full_consolidation'), ('overall', 'last', 'full_consolidation'), ('a', 'early', 'full_consolidation'), ('a', 'middle', 'full_consolidation'), ('a', 'late', 'full_consolidation'), ('a', 'last', 'full_consolidation'), ('v', 'early', 'full_consolidation'), ('v', 'middle', 'full_consolidation'), ('v', 'late', 'full_consolidation'), ('v', 'last', 'full_consolidation'), ('GS', 'early', 'full_consolidation'), ('GS', 'middle', 'full_consolidation'), ('GS', 'late', 'full_consolidation'), ('GS', 'last', 'full_consolidation'), ('GNS', 'early', 'full_consolidation'), ('GNS', 'middle', 'full_consolidation'), ('GNS', 'late', 'full_consolidation'), ('GNS', 'last', 'full_consolidation'), ('NGNS', 'early', 'full_consolidation'), ('NGNS', 'middle', 'full_consolidation'), ('NGNS', 'late', 'full_consolidation'), ('NGNS', 'last', 'full_consolidation')]",True,,,,,,,,,,,,,,
7,133,T5,1.0,0.0,1.0,1.0,0.0,10.0,24,"[('overall', 'early', 'full_consolidation'), ('overall', 'middle', 'full_consolidation'), ('overall', 'late', 'full_consolidation'), ('overall', 'last', 'full_consolidation'), ('a', 'early', 'full_consolidation'), ('a', 'middle', 'full_consolidation'), ('a', 'late', 'full_consolidation'), ('a', 'last', 'full_consolidation'), ('v', 'early', 'full_consolidation'), ('v', 'middle', 'full_consolidation'), ('v', 'late', 'full_consolidation'), ('v', 'last', 'full_consolidation'), ('GS', 'early', 'full_consolidation'), ('GS', 'middle', 'full_consolidation'), ('GS', 'late', 'full_consolidation'), ('GS', 'last', 'full_consolidation'), ('GNS', 'early', 'full_consolidation'), ('GNS', 'middle', 'full_consolidation'), ('GNS', 'late', 'full_consolidation'), ('GNS', 'last', 'full_consolidation'), ('NGNS', 'early', 'full_consolidation'), ('NGNS', 'middle', 'full_consolidation'), ('NGNS', 'late', 'full_consolidation'), ('NGNS', 'last', 'full_consolidation')]",True,,,,,,,,,,,,,,
7,134,T5,1.0,0.0,1.0,1.0,0.0,10.0,24,"[('overall', 'early', 'full_consolidation'), ('overall', 'middle', 'full_consolidation'), ('overall', 'late', 'full_consolidation'), ('overall', 'last', 'full_consolidation'), ('a', 'early', 'full_consolidation'), ('a', 'middle', 'full_consolidation'), ('a', 'late', 'full_consolidation'), ('a', 'last', 'full_consolidation'), ('v', 'early', 'full_consolidation'), ('v', 'middle', 'full_consolidation'), ('v', 'late', 'full_consolidation'), ('v', 'last', 'full_consolidation'), ('GS', 'early', 'full_consolidation'), ('GS', 'middle', 'full_consolidation'), ('GS', 'late', 'full_consolidation'), ('GS', 'last', 'full_consolidation'), ('GNS', 'early', 'full_consolidation'), ('GNS', 'middle', 'full_consolidation'), ('GNS', 'late', 'full_consolidation'), ('GNS', 'last', 'full_consolidation'), ('NGNS', 'early', 'full_consolidation'), ('NGNS', 'middle', 'full_consolidation'), ('NGNS', 'late', 'full_consolidation'), ('NGNS', 'last', 'full_consolidation')]",True,,,,,,,,,,,,,,
7,135,T5,1.0,0.0,1.0,1.0,0.0,10.0,24,"[('overall', 'early', 'full_consolidation'), ('overall', 'middle', 'full_consolidation'), ('overall', 'late', 'full_consolidation'), ('overall', 'last', 'full_consolidation'), ('a', 'early', 'full_consolidation'), ('a', 'middle', 'full_consolidation'), ('a', 'late', 'full_consolidation'), ('a', 'last', 'full_consolidation'), ('v', 'early', 'full_consolidation'), ('v', 'middle', 'full_consolidation'), ('v', 'late', 'full_consolidation'), ('v', 'last', 'full_consolidation'), ('GS', 'early', 'full_consolidation'), ('GS', 'middle', 'full_consolidation'), ('GS', 'late', 'full_consolidation'), ('GS', 'last', 'full_consolidation'), ('GNS', 'early', 'full_consolidation'), ('GNS', 'middle', 'full_consolidation'), ('GNS', 'late', 'full_consolidation'), ('GNS', 'last', 'full_consolidation'), ('NGNS', 'early', 'full_consolidation'), ('NGNS', 'middle', 'full_consolidation'), ('NGNS', 'late', 'full_consolidation'), ('NGNS', 'last', 'full_consolidation')]",True,,,,,,,,,,,,,,
7,136,T5,1.0,0.0,1.0,1.0,0.0,10.0,24,"[('overall', 'early', 'full_consolidation'), ('overall', 'middle', 'full_consolidation'), ('overall', 'late', 'full_consolidation'), ('overall', 'last', 'full_consolidation'), ('a', 'early', 'full_consolidation'), ('a', 'middle', 'full_consolidation'), ('a', 'late', 'full_consolidation'), ('a', 'last', 'full_consolidation'), ('v', 'early', 'full_consolidation'), ('v', 'middle', 'full_consolidation'), ('v', 'late', 'full_consolidation'), ('v', 'last', 'full_consolidation'), ('GS', 'early', 'full_consolidation'), ('GS', 'middle', 'full_consolidation'), ('GS', 'late', 'full_consolidation'), ('GS', 'last', 'full_consolidation'), ('GNS', 'early', 'full_consolidation'), ('GNS', 'middle', 'full_consolidation'), ('GNS', 'late', 'full_consolidation'), ('GNS', 'last', 'full_consolidation'), ('NGNS', 'early', 'full_consolidation'), ('NGNS', 'middle', 'full_consolidation'), ('NGNS', 'late', 'full_consolidation'), ('NGNS', 'last', 'full_consolidation')]",True,,,,,,,,,,,,,,
7,137,T5,1.0,0.0,1.0,1.0,0.0,10.0,24,"[('overall', 'early', 'full_consolidation'), ('overall', 'middle', 'full_consolidation'), ('overall', 'late', 'full_consolidation'), ('overall', 'last', 'full_consolidation'), ('a', 'early', 'full_consolidation'), ('a', 'middle', 'full_consolidation'), ('a', 'late', 'full_consolidation'), ('a', 'last', 'full_consolidation'), ('v', 'early', 'full_consolidation'), ('v', 'middle', 'full_consolidation'), ('v', 'late', 'full_consolidation'), ('v', 'last', 'full_consolidation'), ('GS', 'early', 'full_consolidation'), ('GS', 'middle', 'full_consolidation'), ('GS', 'late', 'full_consolidation'), ('GS', 'last', 'full_consolidation'), ('GNS', 'early', 'full_consolidation'), ('GNS', 'middle', 'full_consolidation'), ('GNS', 'late', 'full_consolidation'), ('GNS', 'last', 'full_consolidation'), ('NGNS', 'early', 'full_consolidation'), ('NGNS', 'middle', 'full_consolidation'), ('NGNS', 'late', 'full_consolidation'), ('NGNS', 'last', 'full_consolidation')]",True,,,,,,,,,,,,,,
7,138,T5,1.0,0.0,1.0,1.0,0.0,10.0,24,"[('overall', 'early', 'full_consolidation'), ('overall', 'middle', 'full_consolidation'), ('overall', 'late', 'full_consolidation'), ('overall', 'last', 'full_consolidation'), ('a', 'early', 'full_consolidation'), ('a', 'middle', 'full_consolidation'), ('a', 'late', 'full_consolidation'), ('a', 'last', 'full_consolidation'), ('v', 'early', 'full_consolidation'), ('v', 'middle', 'full_consolidation'), ('v', 'late', 'full_consolidation'), ('v', 'last', 'full_consolidation'), ('GS', 'early', 'full_consolidation'), ('GS', 'middle', 'full_consolidation'), ('GS', 'late', 'full_consolidation'), ('GS', 'last', 'full_consolidation'), ('GNS', 'early', 'full_consolidation'), ('GNS', 'middle', 'full_consolidation'), ('GNS', 'late', 'full_consolidation'), ('GNS', 'last', 'full_consolidation'), ('NGNS', 'early', 'full_consolidation'), ('NGNS', 'middle', 'full_consolidation'), ('NGNS', 'late', 'full_consolidation'), ('NGNS', 'last', 'full_consolidation')]",True,,,,,,,,,,,,,,
7,139,T5,1.0,0.0,1.0,1.0,0.0,10.0,24,"[('overall', 'early', 'full_consolidation'), ('overall', 'middle', 'full_consolidation'), ('overall', 'late', 'full_consolidation'), ('overall', 'last', 'full_consolidation'), ('a', 'early', 'full_consolidation'), ('a', 'middle', 'full_consolidation'), ('a', 'late', 'full_consolidation'), ('a', 'last', 'full_consolidation'), ('v', 'early', 'full_consolidation'), ('v', 'middle', 'full_consolidation'), ('v', 'late', 'full_consolidation'), ('v', 'last', 'full_consolidation'), ('GS', 'early', 'full_consolidation'), ('GS', 'middle', 'full_consolidation'), ('GS', 'late', 'full_consolidation'), ('GS', 'last', 'full_consolidation'), ('GNS', 'early', 'full_consolidation'), ('GNS', 'middle', 'full_consolidation'), ('GNS', 'late', 'full_consolidation'), ('GNS', 'last', 'full_consolidation'), ('NGNS', 'early', 'full_consolidation'), ('NGNS', 'middle', 'full_consolidation'), ('NGNS', 'late', 'full_consolidation'), ('NGNS', 'last', 'full_consolidation')]",True,,,,,,,,,,,,,,
7,140,T5,1.0,0.0,1.0,1.0,0.0,10.0,24,"[('overall', 'early', 'full_consolidation'), ('overall', 'middle', 'full_consolidation'), ('overall', 'late', 'full_consolidation'), ('overall', 'last', 'full_consolidation'), ('a', 'early', 'full_consolidation'), ('a', 'middle', 'full_consolidation'), ('a', 'late', 'full_consolidation'), ('a', 'last', 'full_consolidation'), ('v', 'early', 'full_consolidation'), ('v', 'middle', 'full_consolidation'), ('v', 'late', 'full_consolidation'), ('v', 'last', 'full_consolidation'), ('GS', 'early', 'full_consolidation'), ('GS', 'middle', 'full_consolidation'), ('GS', 'late', 'full_consolidation'), ('GS', 'last', 'full_consolidation'), ('GNS', 'early', 'full_consolidation'), ('GNS', 'middle', 'full_consolidation'), ('GNS', 'late', 'full_consolidation'), ('GNS', 'last', 'full_consolidation'), ('NGNS', 'early', 'full_consolidation'), ('NGNS', 'middle', 'full_consolidation'), ('NGNS', 'late', 'full_consolidation'), ('NGNS', 'last', 'full_consolidation')]",True,,,,,,,,,,,,,,
7,141,T5,1.0,0.0,1.0,1.0,0.0,10.0,24,"[('overall', 'early', 'full_consolidation'), ('overall', 'middle', 'full_consolidation'), ('overall', 'late', 'full_consolidation'), ('overall', 'last', 'full_consolidation'), ('a', 'early', 'full_consolidation'), ('a', 'middle', 'full_consolidation'), ('a', 'late', 'full_consolidation'), ('a', 'last', 'full_consolidation'), ('v', 'early', 'full_consolidation'), ('v', 'middle', 'full_consolidation'), ('v', 'late', 'full_consolidation'), ('v', 'last', 'full_consolidation'), ('GS', 'early', 'full_consolidation'), ('GS', 'middle', 'full_consolidation'), ('GS', 'late', 'full_consolidation'), ('GS', 'last', 'full_consolidation'), ('GNS', 'early', 'full_consolidation'), ('GNS', 'middle', 'full_consolidation'), ('GNS', 'late', 'full_consolidation'), ('GNS', 'last', 'full_consolidation'), ('NGNS', 'early', 'full_consolidation'), ('NGNS', 'middle', 'full_consolidation'), ('NGNS', 'late', 'full_consolidation'), ('NGNS', 'last', 'full_consolidation')]",True,,,,,,,,,,,,,,
7,142,T5,1.0,0.0,1.0,1.0,0.0,10.0,24,"[('overall', 'early', 'full_consolidation'), ('overall', 'middle', 'full_consolidation'), ('overall', 'late', 'full_consolidation'), ('overall', 'last', 'full_consolidation'), ('a', 'early', 'full_consolidation'), ('a', 'middle', 'full_consolidation'), ('a', 'late', 'full_consolidation'), ('a', 'last', 'full_consolidation'), ('v', 'early', 'full_consolidation'), ('v', 'middle', 'full_consolidation'), ('v', 'late', 'full_consolidation'), ('v', 'last', 'full_consolidation'), ('GS', 'early', 'full_consolidation'), ('GS', 'middle', 'full_consolidation'), ('GS', 'late', 'full_consolidation'), ('GS', 'last', 'full_consolidation'), ('GNS', 'early', 'full_consolidation'), ('GNS', 'middle', 'full_consolidation'), ('GNS', 'late', 'full_consolidation'), ('GNS', 'last', 'full_consolidation'), ('NGNS', 'early', 'full_consolidation'), ('NGNS', 'middle', 'full_consolidation'), ('NGNS', 'late', 'full_consolidation'), ('NGNS', 'last', 'full_consolidation')]",True,,,,,,,,,,,,,,
7,45,BERT,0.10442644357681274,0.0,0.10442644357681274,0.10442644357681274,0.0,7196.856730011521,1,"[('GNS', 'early', 'full_consolidation')]",False,7.0,46.0,0.0,S_orbital-H_Shaped,ctx_rh_S_orbital-H_Shaped,S_orbital-H_Shaped,0.0,0.0,0.0,0.0,rsO6 s7 e46,0.0,[ 25.52509994  25.66952875 -16.12181469],45.0
9,53,BERT,0.10691308975219727,0.0,0.10691308975219727,0.10691308975219727,0.0,7196.856730011521,1,"[('GS', 'late', 'full_consolidation')]",False,9.0,54.0,0.0,S_precentral-inf-part,Left-Cerebral-White-Matter,S_precentral-inf-part,0.0,0.0,1.0,0.0,K8 s9 e54,1.0,[-44.33197553 -27.96152062  48.38811586],53.0
9,36,T5,0.11578696966171265,0.0,0.11578696966171265,0.11578696966171265,0.0,7196.856730011521,1,"[('GS', 'last', 'full_consolidation')]",False,9.0,37.0,0.0,G_front_middle,ctx_lh_G_front_middle,G_front_middle,0.0,0.0,0.0,0.0,G9 s9 e37,1.0,[-48.21670073  15.54434653  42.17269051],36.0
